"TM","STN_ID","RWY_DIR","RWY_AD","ALERT"
"2017-01-10 15:34:59","113","34-","A","WSA"
"2017-01-10 15:34:59","113","16-","D","WSA"
"2017-01-10 15:35:09","113","34-","A","WSA"
"2017-01-10 15:35:09","113","16-","D","WSA"
"2017-01-10 15:35:19","113","34-","A","WSA"
"2017-01-10 15:35:19","113","16-","D","WSA"
"2017-01-10 15:35:29","113","34-","A","WSA"
"2017-01-10 15:35:29","113","16-","D","WSA"
"2017-01-12 01:25:39","113","16-","A","WSA"
"2017-01-12 01:25:39","113","34-","D","WSA"
"2017-01-12 01:25:49","113","16-","A","WSA"
"2017-01-12 01:25:49","113","34-","D","WSA"
"2017-01-12 01:26:19","113","16-","A","WSA"
"2017-01-12 01:26:19","113","34-","D","WSA"
"2017-01-12 01:26:29","113","16-","A","WSA"
"2017-01-12 01:26:29","113","34-","D","WSA"
"2017-01-12 01:28:39","113","16-","A","WSA"
"2017-01-12 01:28:39","113","34-","D","WSA"
"2017-01-12 01:28:49","113","16-","A","WSA"
"2017-01-12 01:28:49","113","34-","D","WSA"
"2017-01-12 02:19:39","113","16-","A","WSA"
"2017-01-12 02:19:39","113","34-","D","WSA"
"2017-01-12 02:19:49","113","16-","A","WSA"
"2017-01-12 02:19:49","113","34-","D","WSA"
"2017-01-12 02:20:09","113","16-","A","WSA"
"2017-01-12 02:20:09","113","34-","D","WSA"
"2017-01-13 18:33:39","113","33R","A","WSA"
"2017-01-13 18:33:39","113","15L","D","WSA"
"2017-01-13 18:33:39","113","33L","A","WSA"
"2017-01-13 18:33:39","113","15R","D","WSA"
"2017-01-13 18:33:39","113","15R","A","WSA"
"2017-01-13 18:33:39","113","33L","D","WSA"
"2017-01-13 18:33:39","113","15L","A","WSA"
"2017-01-13 18:33:39","113","33R","D","WSA"
"2017-01-13 18:33:49","113","33R","A","WSA"
"2017-01-13 18:33:49","113","15L","D","WSA"
"2017-01-13 18:33:49","113","33L","A","WSA"
"2017-01-13 18:33:49","113","15R","D","WSA"
"2017-01-13 18:33:49","113","15R","A","WSA"
"2017-01-13 18:33:49","113","33L","D","WSA"
"2017-01-13 18:33:49","113","15L","A","WSA"
"2017-01-13 18:33:49","113","33R","D","WSA"
"2017-01-14 14:10:29","113","33R","A","WSA"
"2017-01-14 14:10:29","113","15L","D","WSA"
"2017-01-14 14:10:29","113","33L","A","WSA"
"2017-01-14 14:10:29","113","15R","D","WSA"
"2017-01-14 14:18:09","113","34-","A","WSA"
"2017-01-14 14:18:09","113","16-","D","WSA"
"2017-01-14 15:23:49","113","34-","A","WSA"
"2017-01-14 15:23:49","113","16-","D","WSA"
"2017-01-14 15:23:59","113","34-","A","WSA"
"2017-01-14 15:23:59","113","16-","D","WSA"
"2017-01-14 15:24:09","113","34-","A","WSA"
"2017-01-14 15:24:09","113","16-","D","WSA"
"2017-01-14 15:24:19","113","34-","A","WSA"
"2017-01-14 15:24:19","113","16-","D","WSA"
"2017-01-14 15:24:29","113","34-","A","WSA"
"2017-01-14 15:24:29","113","16-","D","WSA"
"2017-01-14 17:14:39","113","16-","A","WSA"
"2017-01-14 17:14:39","113","34-","D","WSA"
"2017-01-14 17:14:39","113","34-","A","WSA"
"2017-01-14 17:14:39","113","16-","D","WSA"
"2017-01-14 17:14:59","113","16-","A","WSA"
"2017-01-14 17:14:59","113","34-","D","WSA"
"2017-01-14 17:14:59","113","34-","A","WSA"
"2017-01-14 17:14:59","113","16-","D","WSA"
"2017-01-14 17:15:29","113","16-","A","WSA"
"2017-01-14 17:15:29","113","34-","D","WSA"
"2017-01-14 17:15:29","113","34-","A","WSA"
"2017-01-14 17:15:29","113","16-","D","WSA"
"2017-01-14 17:15:39","113","16-","A","WSA"
"2017-01-14 17:15:39","113","34-","D","WSA"
"2017-01-14 17:15:39","113","34-","A","WSA"
"2017-01-14 17:15:39","113","16-","D","WSA"
"2017-01-14 17:15:49","113","16-","A","WSA"
"2017-01-14 17:15:49","113","34-","D","WSA"
"2017-01-14 17:15:49","113","34-","A","WSA"
"2017-01-14 17:15:49","113","16-","D","WSA"
"2017-01-14 18:19:19","113","16-","A","WSA"
"2017-01-14 18:19:19","113","34-","D","WSA"
"2017-01-14 18:19:19","113","34-","A","WSA"
"2017-01-14 18:19:19","113","16-","D","WSA"
"2017-01-14 18:19:29","113","16-","A","WSA"
"2017-01-14 18:19:29","113","34-","D","WSA"
"2017-01-14 18:19:29","113","34-","A","WSA"
"2017-01-14 18:19:29","113","16-","D","WSA"
"2017-01-14 18:41:39","113","16-","A","WSA"
"2017-01-14 18:41:39","113","34-","D","WSA"
"2017-01-14 18:41:49","113","16-","A","WSA"
"2017-01-14 18:41:49","113","34-","D","WSA"
"2017-01-14 18:41:59","113","16-","A","WSA"
"2017-01-14 18:41:59","113","34-","D","WSA"
"2017-01-14 18:44:19","113","16-","A","WSA"
"2017-01-14 18:44:19","113","34-","D","WSA"
"2017-01-14 18:44:19","113","34-","A","WSA"
"2017-01-14 18:44:19","113","16-","D","WSA"
"2017-01-14 18:44:29","113","33R","A","WSA"
"2017-01-14 18:44:29","113","15L","D","WSA"
"2017-01-14 18:44:29","113","33L","A","WSA"
"2017-01-14 18:44:29","113","15R","D","WSA"
"2017-01-14 18:44:29","113","15R","A","WSA"
"2017-01-14 18:44:29","113","33L","D","WSA"
"2017-01-14 18:44:29","113","15L","A","WSA"
"2017-01-14 18:44:29","113","33R","D","WSA"
"2017-01-14 18:44:29","113","16-","A","WSA"
"2017-01-14 18:44:29","113","34-","D","WSA"
"2017-01-14 18:44:29","113","34-","A","WSA"
"2017-01-14 18:44:29","113","16-","D","WSA"
"2017-01-14 18:44:39","113","33R","A","WSA"
"2017-01-14 18:44:39","113","15L","D","WSA"
"2017-01-14 18:44:39","113","33L","A","WSA"
"2017-01-14 18:44:39","113","15R","D","WSA"
"2017-01-14 18:44:39","113","15R","A","WSA"
"2017-01-14 18:44:39","113","33L","D","WSA"
"2017-01-14 18:44:39","113","15L","A","WSA"
"2017-01-14 18:44:39","113","33R","D","WSA"
"2017-01-14 18:44:39","113","16-","A","WSA"
"2017-01-14 18:44:39","113","34-","D","WSA"
"2017-01-14 18:44:39","113","34-","A","WSA"
"2017-01-14 18:44:39","113","16-","D","WSA"
"2017-01-14 18:44:49","113","16-","A","WSA"
"2017-01-14 18:44:49","113","34-","D","WSA"
"2017-01-14 18:44:49","113","34-","A","WSA"
"2017-01-14 18:44:49","113","16-","D","WSA"
"2017-01-14 18:44:59","113","16-","A","WSA"
"2017-01-14 18:44:59","113","34-","D","WSA"
"2017-01-14 18:44:59","113","34-","A","WSA"
"2017-01-14 18:44:59","113","16-","D","WSA"
"2017-01-14 18:45:09","113","16-","A","WSA"
"2017-01-14 18:45:09","113","34-","D","WSA"
"2017-01-14 18:45:09","113","34-","A","WSA"
"2017-01-14 18:45:09","113","16-","D","WSA"
"2017-01-14 18:45:19","113","16-","A","WSA"
"2017-01-14 18:45:19","113","34-","D","WSA"
"2017-01-14 18:45:19","113","34-","A","WSA"
"2017-01-14 18:45:19","113","16-","D","WSA"
"2017-01-14 18:45:29","113","16-","A","WSA"
"2017-01-14 18:45:29","113","34-","D","WSA"
"2017-01-14 18:45:29","113","34-","A","WSA"
"2017-01-14 18:45:29","113","16-","D","WSA"
"2017-01-14 18:45:39","113","16-","A","WSA"
"2017-01-14 18:45:39","113","34-","D","WSA"
"2017-01-14 18:45:39","113","34-","A","WSA"
"2017-01-14 18:45:39","113","16-","D","WSA"
"2017-01-14 18:45:49","113","16-","A","WSA"
"2017-01-14 18:45:49","113","34-","D","WSA"
"2017-01-14 18:45:49","113","34-","A","WSA"
"2017-01-14 18:45:49","113","16-","D","WSA"
"2017-01-14 18:45:59","113","16-","A","WSA"
"2017-01-14 18:45:59","113","34-","D","WSA"
"2017-01-14 18:45:59","113","34-","A","WSA"
"2017-01-14 18:45:59","113","16-","D","WSA"
"2017-01-14 18:46:09","113","16-","A","WSA"
"2017-01-14 18:46:09","113","34-","D","WSA"
"2017-01-14 18:46:09","113","34-","A","WSA"
"2017-01-14 18:46:09","113","16-","D","WSA"
"2017-01-14 18:46:19","113","16-","A","WSA"
"2017-01-14 18:46:19","113","34-","D","WSA"
"2017-01-14 18:46:19","113","34-","A","WSA"
"2017-01-14 18:46:19","113","16-","D","WSA"
"2017-01-14 18:46:29","113","16-","A","WSA"
"2017-01-14 18:46:29","113","34-","D","WSA"
"2017-01-14 18:46:29","113","34-","A","WSA"
"2017-01-14 18:46:29","113","16-","D","WSA"
"2017-01-14 18:46:39","113","16-","A","WSA"
"2017-01-14 18:46:39","113","34-","D","WSA"
"2017-01-14 18:46:39","113","34-","A","WSA"
"2017-01-14 18:46:39","113","16-","D","WSA"
"2017-01-14 18:59:09","113","16-","A","WSA"
"2017-01-14 18:59:09","113","34-","D","WSA"
"2017-01-14 18:59:09","113","34-","A","WSA"
"2017-01-14 18:59:09","113","16-","D","WSA"
"2017-01-14 18:59:19","113","16-","A","WSA"
"2017-01-14 18:59:19","113","34-","D","WSA"
"2017-01-14 18:59:19","113","34-","A","WSA"
"2017-01-14 18:59:19","113","16-","D","WSA"
"2017-01-14 18:59:29","113","16-","A","WSA"
"2017-01-14 18:59:29","113","34-","D","WSA"
"2017-01-14 18:59:29","113","34-","A","WSA"
"2017-01-14 18:59:29","113","16-","D","WSA"
"2017-01-14 18:59:39","113","16-","A","WSA"
"2017-01-14 18:59:39","113","34-","D","WSA"
"2017-01-14 18:59:39","113","34-","A","WSA"
"2017-01-14 18:59:39","113","16-","D","WSA"
"2017-01-14 19:31:29","113","16-","A","WSA"
"2017-01-14 19:31:29","113","34-","D","WSA"
"2017-01-14 19:31:29","113","34-","A","WSA"
"2017-01-14 19:31:29","113","16-","D","WSA"
"2017-01-14 19:31:39","113","16-","A","WSA"
"2017-01-14 19:31:39","113","34-","D","WSA"
"2017-01-14 19:31:39","113","34-","A","WSA"
"2017-01-14 19:31:39","113","16-","D","WSA"
"2017-01-14 19:31:49","113","16-","A","WSA"
"2017-01-14 19:31:49","113","34-","D","WSA"
"2017-01-14 19:31:49","113","34-","A","WSA"
"2017-01-14 19:31:49","113","16-","D","WSA"
"2017-01-14 19:31:59","113","16-","A","WSA"
"2017-01-14 19:31:59","113","34-","D","WSA"
"2017-01-14 19:31:59","113","34-","A","WSA"
"2017-01-14 19:31:59","113","16-","D","WSA"
"2017-01-14 19:32:09","113","16-","A","WSA"
"2017-01-14 19:32:09","113","34-","D","WSA"
"2017-01-14 19:32:09","113","34-","A","WSA"
"2017-01-14 19:32:09","113","16-","D","WSA"
"2017-01-14 19:34:19","113","16-","A","WSA"
"2017-01-14 19:34:19","113","34-","D","WSA"
"2017-01-14 19:34:19","113","34-","A","WSA"
"2017-01-14 19:34:19","113","16-","D","WSA"
"2017-01-14 19:34:29","113","16-","A","WSA"
"2017-01-14 19:34:29","113","34-","D","WSA"
"2017-01-14 19:34:29","113","34-","A","WSA"
"2017-01-14 19:34:29","113","16-","D","WSA"
"2017-01-14 19:34:39","113","16-","A","WSA"
"2017-01-14 19:34:39","113","34-","D","WSA"
"2017-01-14 19:34:39","113","34-","A","WSA"
"2017-01-14 19:34:39","113","16-","D","WSA"
"2017-01-14 19:34:49","113","16-","A","WSA"
"2017-01-14 19:34:49","113","34-","D","WSA"
"2017-01-14 19:34:49","113","34-","A","WSA"
"2017-01-14 19:34:49","113","16-","D","WSA"
"2017-01-14 19:34:59","113","16-","A","WSA"
"2017-01-14 19:34:59","113","34-","D","WSA"
"2017-01-14 19:34:59","113","34-","A","WSA"
"2017-01-14 19:34:59","113","16-","D","WSA"
"2017-01-14 19:35:09","113","16-","A","WSA"
"2017-01-14 19:35:09","113","34-","D","WSA"
"2017-01-14 19:35:09","113","34-","A","WSA"
"2017-01-14 19:35:09","113","16-","D","WSA"
"2017-01-14 19:35:19","113","16-","A","WSA"
"2017-01-14 19:35:19","113","34-","D","WSA"
"2017-01-14 19:35:19","113","34-","A","WSA"
"2017-01-14 19:35:19","113","16-","D","WSA"
"2017-01-14 19:35:29","113","16-","A","WSA"
"2017-01-14 19:35:29","113","34-","D","WSA"
"2017-01-14 19:35:29","113","34-","A","WSA"
"2017-01-14 19:35:29","113","16-","D","WSA"
"2017-01-14 19:35:39","113","16-","A","WSA"
"2017-01-14 19:35:39","113","34-","D","WSA"
"2017-01-14 19:35:39","113","34-","A","WSA"
"2017-01-14 19:35:39","113","16-","D","WSA"
"2017-01-14 19:35:49","113","16-","A","WSA"
"2017-01-14 19:35:49","113","34-","D","WSA"
"2017-01-14 19:35:49","113","34-","A","WSA"
"2017-01-14 19:35:49","113","16-","D","WSA"
"2017-01-14 19:35:59","113","16-","A","WSA"
"2017-01-14 19:35:59","113","34-","D","WSA"
"2017-01-14 19:35:59","113","34-","A","WSA"
"2017-01-14 19:35:59","113","16-","D","WSA"
"2017-01-14 19:36:09","113","16-","A","WSA"
"2017-01-14 19:36:09","113","34-","D","WSA"
"2017-01-14 19:36:09","113","34-","A","WSA"
"2017-01-14 19:36:09","113","16-","D","WSA"
"2017-01-14 19:36:19","113","16-","A","WSA"
"2017-01-14 19:36:19","113","34-","D","WSA"
"2017-01-14 19:36:19","113","34-","A","WSA"
"2017-01-14 19:36:19","113","16-","D","WSA"
"2017-01-14 19:43:19","113","16-","A","WSA"
"2017-01-14 19:43:19","113","34-","D","WSA"
"2017-01-14 19:43:19","113","34-","A","WSA"
"2017-01-14 19:43:19","113","16-","D","WSA"
"2017-01-14 19:43:29","113","16-","A","WSA"
"2017-01-14 19:43:29","113","34-","D","WSA"
"2017-01-14 19:43:29","113","34-","A","WSA"
"2017-01-14 19:43:29","113","16-","D","WSA"
"2017-01-14 19:51:19","113","16-","A","WSA"
"2017-01-14 19:51:19","113","34-","D","WSA"
"2017-01-14 19:51:19","113","34-","A","WSA"
"2017-01-14 19:51:19","113","16-","D","WSA"
"2017-01-14 19:51:29","113","16-","A","WSA"
"2017-01-14 19:51:29","113","34-","D","WSA"
"2017-01-14 19:51:29","113","34-","A","WSA"
"2017-01-14 19:51:29","113","16-","D","WSA"
"2017-01-14 19:51:39","113","34-","D","WSA"
"2017-01-14 19:51:39","113","34-","A","WSA"
"2017-01-14 19:51:39","113","16-","D","WSA"
"2017-01-14 19:51:39","113","16-","A","WSA"
"2017-01-14 19:51:49","113","16-","A","WSA"
"2017-01-14 19:51:49","113","34-","D","WSA"
"2017-01-14 19:51:49","113","34-","A","WSA"
"2017-01-14 19:51:49","113","16-","D","WSA"
"2017-01-14 19:51:59","113","16-","A","WSA"
"2017-01-14 19:51:59","113","34-","D","WSA"
"2017-01-14 19:51:59","113","34-","A","WSA"
"2017-01-14 19:51:59","113","16-","D","WSA"
"2017-01-14 19:53:19","113","16-","A","WSA"
"2017-01-14 19:53:19","113","34-","D","WSA"
"2017-01-14 19:53:19","113","34-","A","WSA"
"2017-01-14 19:53:19","113","16-","D","WSA"
"2017-01-14 19:53:29","113","16-","A","WSA"
"2017-01-14 19:53:29","113","34-","D","WSA"
"2017-01-14 19:53:29","113","34-","A","WSA"
"2017-01-14 19:53:29","113","16-","D","WSA"
"2017-01-14 19:53:39","113","16-","A","WSA"
"2017-01-14 19:53:39","113","34-","D","WSA"
"2017-01-14 19:53:39","113","34-","A","WSA"
"2017-01-14 19:53:39","113","16-","D","WSA"
"2017-01-14 19:54:39","113","16-","A","WSA"
"2017-01-14 19:54:39","113","34-","D","WSA"
"2017-01-14 19:54:39","113","34-","A","WSA"
"2017-01-14 19:54:39","113","16-","D","WSA"
"2017-01-14 19:54:49","113","16-","A","WSA"
"2017-01-14 19:54:49","113","34-","D","WSA"
"2017-01-14 19:54:49","113","34-","A","WSA"
"2017-01-14 19:54:49","113","16-","D","WSA"
"2017-01-14 19:54:59","113","16-","A","WSA"
"2017-01-14 19:54:59","113","34-","D","WSA"
"2017-01-14 19:54:59","113","34-","A","WSA"
"2017-01-14 19:54:59","113","16-","D","WSA"
"2017-01-14 19:55:09","113","16-","A","WSA"
"2017-01-14 19:55:09","113","34-","D","WSA"
"2017-01-14 19:55:09","113","34-","A","WSA"
"2017-01-14 19:55:09","113","16-","D","WSA"
"2017-01-14 19:56:59","113","16-","A","WSA"
"2017-01-14 19:56:59","113","34-","D","WSA"
"2017-01-14 19:56:59","113","34-","A","WSA"
"2017-01-14 19:56:59","113","16-","D","WSA"
"2017-01-14 19:57:09","113","16-","A","WSA"
"2017-01-14 19:57:09","113","34-","D","WSA"
"2017-01-14 19:57:09","113","34-","A","WSA"
"2017-01-14 19:57:09","113","16-","D","WSA"
"2017-01-14 19:57:19","113","16-","A","WSA"
"2017-01-14 19:57:19","113","34-","D","WSA"
"2017-01-14 19:57:19","113","34-","A","WSA"
"2017-01-14 19:57:19","113","16-","D","WSA"
"2017-01-14 19:57:29","113","16-","A","WSA"
"2017-01-14 19:57:29","113","34-","D","WSA"
"2017-01-14 19:57:29","113","34-","A","WSA"
"2017-01-14 19:57:29","113","16-","D","WSA"
"2017-01-14 19:57:39","113","16-","A","WSA"
"2017-01-14 19:57:39","113","34-","D","WSA"
"2017-01-14 19:57:39","113","34-","A","WSA"
"2017-01-14 19:57:39","113","16-","D","WSA"
"2017-01-14 19:57:49","113","16-","A","WSA"
"2017-01-14 19:57:49","113","34-","D","WSA"
"2017-01-14 19:57:49","113","34-","A","WSA"
"2017-01-14 19:57:49","113","16-","D","WSA"
"2017-01-14 19:58:39","113","16-","A","WSA"
"2017-01-14 19:58:39","113","34-","D","WSA"
"2017-01-14 19:58:39","113","34-","A","WSA"
"2017-01-14 19:58:39","113","16-","D","WSA"
"2017-01-14 19:58:49","113","16-","A","WSA"
"2017-01-14 19:58:49","113","34-","D","WSA"
"2017-01-14 19:58:49","113","34-","A","WSA"
"2017-01-14 19:58:49","113","16-","D","WSA"
"2017-01-14 19:58:59","113","16-","A","WSA"
"2017-01-14 19:58:59","113","34-","D","WSA"
"2017-01-14 19:58:59","113","34-","A","WSA"
"2017-01-14 19:58:59","113","16-","D","WSA"
"2017-01-14 20:01:59","113","16-","A","WSA"
"2017-01-14 20:01:59","113","34-","D","WSA"
"2017-01-14 20:01:59","113","34-","A","WSA"
"2017-01-14 20:01:59","113","16-","D","WSA"
"2017-01-14 20:02:09","113","16-","A","WSA"
"2017-01-14 20:02:09","113","34-","D","WSA"
"2017-01-14 20:02:09","113","34-","A","WSA"
"2017-01-14 20:02:09","113","16-","D","WSA"
"2017-01-14 20:02:19","113","16-","A","WSA"
"2017-01-14 20:02:19","113","34-","D","WSA"
"2017-01-14 20:02:19","113","34-","A","WSA"
"2017-01-14 20:02:19","113","16-","D","WSA"
"2017-01-14 20:02:29","113","16-","A","WSA"
"2017-01-14 20:02:29","113","34-","D","WSA"
"2017-01-14 20:02:29","113","34-","A","WSA"
"2017-01-14 20:02:29","113","16-","D","WSA"
"2017-01-14 20:02:39","113","16-","A","WSA"
"2017-01-14 20:02:39","113","34-","D","WSA"
"2017-01-14 20:02:39","113","34-","A","WSA"
"2017-01-14 20:02:39","113","16-","D","WSA"
"2017-01-14 20:02:49","113","16-","A","WSA"
"2017-01-14 20:02:49","113","34-","D","WSA"
"2017-01-14 20:02:49","113","34-","A","WSA"
"2017-01-14 20:02:49","113","16-","D","WSA"
"2017-01-14 20:05:59","113","16-","A","WSA"
"2017-01-14 20:05:59","113","34-","D","WSA"
"2017-01-14 20:05:59","113","34-","A","WSA"
"2017-01-14 20:05:59","113","16-","D","WSA"
"2017-01-14 20:06:09","113","16-","A","WSA"
"2017-01-14 20:06:09","113","34-","D","WSA"
"2017-01-14 20:06:09","113","34-","A","WSA"
"2017-01-14 20:06:09","113","16-","D","WSA"
"2017-01-14 20:06:19","113","16-","A","WSA"
"2017-01-14 20:06:19","113","34-","D","WSA"
"2017-01-14 20:06:19","113","34-","A","WSA"
"2017-01-14 20:06:19","113","16-","D","WSA"
"2017-01-14 20:14:49","113","16-","A","WSA"
"2017-01-14 20:14:49","113","34-","D","WSA"
"2017-01-14 20:14:49","113","34-","A","WSA"
"2017-01-14 20:14:49","113","16-","D","WSA"
"2017-01-14 20:14:59","113","16-","A","WSA"
"2017-01-14 20:14:59","113","34-","D","WSA"
"2017-01-14 20:14:59","113","34-","A","WSA"
"2017-01-14 20:14:59","113","16-","D","WSA"
"2017-01-14 20:26:09","113","16-","A","WSA"
"2017-01-14 20:26:09","113","34-","D","WSA"
"2017-01-14 20:26:09","113","34-","A","WSA"
"2017-01-14 20:26:09","113","16-","D","WSA"
"2017-01-14 20:29:39","113","33R","A","WSA"
"2017-01-14 20:29:39","113","15L","D","WSA"
"2017-01-14 20:29:39","113","33L","A","WSA"
"2017-01-14 20:29:39","113","15R","D","WSA"
"2017-01-14 20:29:39","113","15R","A","WSA"
"2017-01-14 20:29:39","113","33L","D","WSA"
"2017-01-14 20:29:39","113","15L","A","WSA"
"2017-01-14 20:29:39","113","33R","D","WSA"
"2017-01-14 20:29:39","113","16-","A","WSA"
"2017-01-14 20:29:39","113","34-","D","WSA"
"2017-01-14 20:29:39","113","34-","A","WSA"
"2017-01-14 20:29:39","113","16-","D","WSA"
"2017-01-14 20:31:09","113","16-","A","WSA"
"2017-01-14 20:31:09","113","34-","D","WSA"
"2017-01-14 20:31:09","113","34-","A","WSA"
"2017-01-14 20:31:09","113","16-","D","WSA"
"2017-01-14 20:31:19","113","16-","A","WSA"
"2017-01-14 20:31:19","113","34-","D","WSA"
"2017-01-14 20:31:19","113","34-","A","WSA"
"2017-01-14 20:31:19","113","16-","D","WSA"
"2017-01-14 20:31:29","113","16-","A","WSA"
"2017-01-14 20:31:29","113","34-","D","WSA"
"2017-01-14 20:31:29","113","34-","A","WSA"
"2017-01-14 20:31:29","113","16-","D","WSA"
"2017-01-14 20:31:39","113","16-","A","WSA"
"2017-01-14 20:31:39","113","34-","D","WSA"
"2017-01-14 20:31:39","113","34-","A","WSA"
"2017-01-14 20:31:39","113","16-","D","WSA"
"2017-01-14 20:31:49","113","16-","A","WSA"
"2017-01-14 20:31:49","113","34-","D","WSA"
"2017-01-14 20:31:49","113","34-","A","WSA"
"2017-01-14 20:31:49","113","16-","D","WSA"
"2017-01-14 20:31:59","113","16-","A","WSA"
"2017-01-14 20:31:59","113","34-","D","WSA"
"2017-01-14 20:31:59","113","34-","A","WSA"
"2017-01-14 20:31:59","113","16-","D","WSA"
"2017-01-14 20:32:09","113","16-","A","WSA"
"2017-01-14 20:32:09","113","34-","D","WSA"
"2017-01-14 20:32:09","113","34-","A","WSA"
"2017-01-14 20:32:09","113","16-","D","WSA"
"2017-01-14 20:32:19","113","16-","A","WSA"
"2017-01-14 20:32:19","113","34-","D","WSA"
"2017-01-14 20:32:19","113","34-","A","WSA"
"2017-01-14 20:32:19","113","16-","D","WSA"
"2017-01-14 20:39:19","113","16-","A","WSA"
"2017-01-14 20:39:19","113","34-","D","WSA"
"2017-01-14 20:39:19","113","34-","A","WSA"
"2017-01-14 20:39:19","113","16-","D","WSA"
"2017-01-14 20:39:29","113","16-","A","WSA"
"2017-01-14 20:39:29","113","34-","D","WSA"
"2017-01-14 20:39:29","113","34-","A","WSA"
"2017-01-14 20:39:29","113","16-","D","WSA"
"2017-01-14 20:39:39","113","16-","A","WSA"
"2017-01-14 20:39:39","113","34-","D","WSA"
"2017-01-14 20:39:39","113","34-","A","WSA"
"2017-01-14 20:39:39","113","16-","D","WSA"
"2017-01-14 20:39:49","113","16-","A","WSA"
"2017-01-14 20:39:49","113","34-","D","WSA"
"2017-01-14 20:39:49","113","34-","A","WSA"
"2017-01-14 20:39:49","113","16-","D","WSA"
"2017-01-14 20:39:59","113","16-","A","WSA"
"2017-01-14 20:39:59","113","34-","D","WSA"
"2017-01-14 20:39:59","113","34-","A","WSA"
"2017-01-14 20:39:59","113","16-","D","WSA"
"2017-01-14 20:40:09","113","16-","A","WSA"
"2017-01-14 20:40:09","113","34-","D","WSA"
"2017-01-14 20:40:09","113","34-","A","WSA"
"2017-01-14 20:40:09","113","16-","D","WSA"
"2017-01-14 20:40:49","113","16-","A","WSA"
"2017-01-14 20:40:49","113","34-","D","WSA"
"2017-01-14 20:40:49","113","34-","A","WSA"
"2017-01-14 20:40:49","113","16-","D","WSA"
"2017-01-14 20:41:09","113","16-","A","WSA"
"2017-01-14 20:41:09","113","34-","D","WSA"
"2017-01-14 20:41:09","113","34-","A","WSA"
"2017-01-14 20:41:09","113","16-","D","WSA"
"2017-01-14 20:41:19","113","16-","A","WSA"
"2017-01-14 20:41:19","113","34-","D","WSA"
"2017-01-14 20:41:19","113","34-","A","WSA"
"2017-01-14 20:41:19","113","16-","D","WSA"
"2017-01-14 20:41:29","113","16-","A","WSA"
"2017-01-14 20:41:29","113","34-","D","WSA"
"2017-01-14 20:41:29","113","34-","A","WSA"
"2017-01-14 20:41:29","113","16-","D","WSA"
"2017-01-14 20:41:39","113","16-","A","WSA"
"2017-01-14 20:41:39","113","34-","D","WSA"
"2017-01-14 20:41:39","113","34-","A","WSA"
"2017-01-14 20:41:39","113","16-","D","WSA"
"2017-01-14 20:41:49","113","16-","A","WSA"
"2017-01-14 20:41:49","113","34-","D","WSA"
"2017-01-14 20:41:49","113","34-","A","WSA"
"2017-01-14 20:41:49","113","16-","D","WSA"
"2017-01-14 20:41:59","113","16-","A","WSA"
"2017-01-14 20:41:59","113","34-","D","WSA"
"2017-01-14 20:41:59","113","34-","A","WSA"
"2017-01-14 20:41:59","113","16-","D","WSA"
"2017-01-14 20:42:09","113","16-","A","WSA"
"2017-01-14 20:42:09","113","34-","D","WSA"
"2017-01-14 20:42:09","113","34-","A","WSA"
"2017-01-14 20:42:09","113","16-","D","WSA"
"2017-01-14 20:42:19","113","16-","A","WSA"
"2017-01-14 20:42:19","113","34-","D","WSA"
"2017-01-14 20:42:19","113","34-","A","WSA"
"2017-01-14 20:42:19","113","16-","D","WSA"
"2017-01-14 20:49:29","113","16-","A","WSA"
"2017-01-14 20:49:29","113","34-","D","WSA"
"2017-01-14 20:49:29","113","34-","A","WSA"
"2017-01-14 20:49:29","113","16-","D","WSA"
"2017-01-14 20:49:39","113","16-","A","WSA"
"2017-01-14 20:49:39","113","34-","D","WSA"
"2017-01-14 20:49:39","113","34-","A","WSA"
"2017-01-14 20:49:39","113","16-","D","WSA"
"2017-01-14 21:02:29","113","16-","A","WSA"
"2017-01-14 21:02:29","113","34-","D","WSA"
"2017-01-14 21:02:29","113","34-","A","WSA"
"2017-01-14 21:02:29","113","16-","D","WSA"
"2017-01-14 21:02:39","113","16-","A","WSA"
"2017-01-14 21:02:39","113","34-","D","WSA"
"2017-01-14 21:02:39","113","34-","A","WSA"
"2017-01-14 21:02:39","113","16-","D","WSA"
"2017-01-14 21:02:49","113","16-","A","WSA"
"2017-01-14 21:02:49","113","34-","D","WSA"
"2017-01-14 21:02:49","113","34-","A","WSA"
"2017-01-14 21:02:49","113","16-","D","WSA"
"2017-01-14 21:02:59","113","16-","A","WSA"
"2017-01-14 21:02:59","113","34-","D","WSA"
"2017-01-14 21:02:59","113","34-","A","WSA"
"2017-01-14 21:02:59","113","16-","D","WSA"
"2017-01-14 21:03:09","113","16-","A","WSA"
"2017-01-14 21:03:09","113","34-","D","WSA"
"2017-01-14 21:03:09","113","34-","A","WSA"
"2017-01-14 21:03:09","113","16-","D","WSA"
"2017-01-14 21:03:19","113","16-","A","WSA"
"2017-01-14 21:03:19","113","34-","D","WSA"
"2017-01-14 21:03:19","113","34-","A","WSA"
"2017-01-14 21:03:19","113","16-","D","WSA"
"2017-01-14 21:03:29","113","16-","A","WSA"
"2017-01-14 21:03:29","113","34-","D","WSA"
"2017-01-14 21:03:29","113","34-","A","WSA"
"2017-01-14 21:03:29","113","16-","D","WSA"
"2017-01-14 21:03:39","113","16-","A","WSA"
"2017-01-14 21:03:39","113","34-","D","WSA"
"2017-01-14 21:03:39","113","34-","A","WSA"
"2017-01-14 21:03:39","113","16-","D","WSA"
"2017-01-14 21:05:39","113","33R","A","WSA"
"2017-01-14 21:05:39","113","15L","D","WSA"
"2017-01-14 21:05:39","113","33L","A","WSA"
"2017-01-14 21:05:39","113","15R","D","WSA"
"2017-01-14 21:05:39","113","15R","A","WSA"
"2017-01-14 21:05:39","113","33L","D","WSA"
"2017-01-14 21:05:39","113","15L","A","WSA"
"2017-01-14 21:05:39","113","33R","D","WSA"
"2017-01-14 21:05:39","113","16-","A","WSA"
"2017-01-14 21:05:39","113","34-","D","WSA"
"2017-01-14 21:05:39","113","34-","A","WSA"
"2017-01-14 21:05:39","113","16-","D","WSA"
"2017-01-14 21:05:49","113","16-","A","WSA"
"2017-01-14 21:05:49","113","34-","D","WSA"
"2017-01-14 21:05:49","113","34-","A","WSA"
"2017-01-14 21:05:49","113","16-","D","WSA"
"2017-01-14 21:05:59","113","16-","A","WSA"
"2017-01-14 21:05:59","113","34-","D","WSA"
"2017-01-14 21:05:59","113","34-","A","WSA"
"2017-01-14 21:05:59","113","16-","D","WSA"
"2017-01-14 21:06:09","113","16-","A","WSA"
"2017-01-14 21:06:09","113","34-","D","WSA"
"2017-01-14 21:06:09","113","34-","A","WSA"
"2017-01-14 21:06:09","113","16-","D","WSA"
"2017-01-14 21:06:19","113","16-","A","WSA"
"2017-01-14 21:06:19","113","34-","D","WSA"
"2017-01-14 21:06:19","113","34-","A","WSA"
"2017-01-14 21:06:19","113","16-","D","WSA"
"2017-01-14 21:06:29","113","16-","A","WSA"
"2017-01-14 21:06:29","113","34-","D","WSA"
"2017-01-14 21:06:29","113","34-","A","WSA"
"2017-01-14 21:06:29","113","16-","D","WSA"
"2017-01-14 21:06:39","113","16-","A","WSA"
"2017-01-14 21:06:39","113","34-","D","WSA"
"2017-01-14 21:06:39","113","34-","A","WSA"
"2017-01-14 21:06:39","113","16-","D","WSA"
"2017-01-14 21:06:49","113","16-","A","WSA"
"2017-01-14 21:06:49","113","34-","D","WSA"
"2017-01-14 21:06:49","113","34-","A","WSA"
"2017-01-14 21:06:49","113","16-","D","WSA"
"2017-01-14 21:07:00","113","16-","A","WSA"
"2017-01-14 21:07:00","113","34-","D","WSA"
"2017-01-14 21:07:00","113","34-","A","WSA"
"2017-01-14 21:07:00","113","16-","D","WSA"
"2017-01-14 21:07:09","113","16-","A","WSA"
"2017-01-14 21:07:09","113","34-","D","WSA"
"2017-01-14 21:07:09","113","34-","A","WSA"
"2017-01-14 21:07:09","113","16-","D","WSA"
"2017-01-14 21:07:19","113","16-","A","WSA"
"2017-01-14 21:07:19","113","34-","D","WSA"
"2017-01-14 21:07:19","113","34-","A","WSA"
"2017-01-14 21:07:19","113","16-","D","WSA"
"2017-01-14 21:07:29","113","16-","A","WSA"
"2017-01-14 21:07:29","113","34-","D","WSA"
"2017-01-14 21:07:29","113","34-","A","WSA"
"2017-01-14 21:07:29","113","16-","D","WSA"
"2017-01-14 21:07:39","113","16-","A","WSA"
"2017-01-14 21:07:39","113","34-","D","WSA"
"2017-01-14 21:07:39","113","34-","A","WSA"
"2017-01-14 21:07:39","113","16-","D","WSA"
"2017-01-14 21:10:19","113","16-","A","WSA"
"2017-01-14 21:10:19","113","34-","D","WSA"
"2017-01-14 21:10:19","113","34-","A","WSA"
"2017-01-14 21:10:19","113","16-","D","WSA"
"2017-01-14 21:15:39","113","16-","A","WSA"
"2017-01-14 21:15:39","113","34-","D","WSA"
"2017-01-14 21:15:39","113","34-","A","WSA"
"2017-01-14 21:15:39","113","16-","D","WSA"
"2017-01-14 21:15:49","113","16-","A","WSA"
"2017-01-14 21:15:49","113","34-","D","WSA"
"2017-01-14 21:15:49","113","34-","A","WSA"
"2017-01-14 21:15:49","113","16-","D","WSA"
"2017-01-14 21:15:59","113","16-","A","WSA"
"2017-01-14 21:15:59","113","34-","D","WSA"
"2017-01-14 21:15:59","113","34-","A","WSA"
"2017-01-14 21:15:59","113","16-","D","WSA"
"2017-01-14 21:16:09","113","16-","A","WSA"
"2017-01-14 21:16:09","113","34-","D","WSA"
"2017-01-14 21:16:09","113","34-","A","WSA"
"2017-01-14 21:16:09","113","16-","D","WSA"
"2017-01-14 21:16:19","113","16-","A","WSA"
"2017-01-14 21:16:19","113","34-","D","WSA"
"2017-01-14 21:16:19","113","34-","A","WSA"
"2017-01-14 21:16:19","113","16-","D","WSA"
"2017-01-14 21:16:29","113","16-","A","WSA"
"2017-01-14 21:16:29","113","34-","D","WSA"
"2017-01-14 21:16:29","113","34-","A","WSA"
"2017-01-14 21:16:29","113","16-","D","WSA"
"2017-01-14 21:16:39","113","16-","A","WSA"
"2017-01-14 21:16:39","113","34-","D","WSA"
"2017-01-14 21:16:39","113","34-","A","WSA"
"2017-01-14 21:16:39","113","16-","D","WSA"
"2017-01-14 21:16:49","113","16-","A","WSA"
"2017-01-14 21:16:49","113","34-","D","WSA"
"2017-01-14 21:16:49","113","34-","A","WSA"
"2017-01-14 21:16:49","113","16-","D","WSA"
"2017-01-14 21:16:59","113","16-","A","WSA"
"2017-01-14 21:16:59","113","34-","D","WSA"
"2017-01-14 21:16:59","113","34-","A","WSA"
"2017-01-14 21:16:59","113","16-","D","WSA"
"2017-01-14 21:17:09","113","16-","A","WSA"
"2017-01-14 21:17:09","113","34-","D","WSA"
"2017-01-14 21:17:09","113","34-","A","WSA"
"2017-01-14 21:17:09","113","16-","D","WSA"
"2017-01-14 21:17:19","113","16-","A","WSA"
"2017-01-14 21:17:19","113","34-","D","WSA"
"2017-01-14 21:17:19","113","34-","A","WSA"
"2017-01-14 21:17:19","113","16-","D","WSA"
"2017-01-14 21:17:29","113","16-","A","WSA"
"2017-01-14 21:17:29","113","34-","D","WSA"
"2017-01-14 21:17:29","113","34-","A","WSA"
"2017-01-14 21:17:29","113","16-","D","WSA"
"2017-01-14 21:18:39","113","16-","A","WSA"
"2017-01-14 21:18:39","113","34-","D","WSA"
"2017-01-14 21:18:39","113","34-","A","WSA"
"2017-01-14 21:18:39","113","16-","D","WSA"
"2017-01-14 21:18:49","113","16-","A","WSA"
"2017-01-14 21:18:49","113","34-","D","WSA"
"2017-01-14 21:18:49","113","34-","A","WSA"
"2017-01-14 21:18:49","113","16-","D","WSA"
"2017-01-14 21:19:00","113","16-","A","WSA"
"2017-01-14 21:19:00","113","34-","D","WSA"
"2017-01-14 21:19:00","113","34-","A","WSA"
"2017-01-14 21:19:00","113","16-","D","WSA"
"2017-01-14 21:19:09","113","16-","A","WSA"
"2017-01-14 21:19:09","113","34-","D","WSA"
"2017-01-14 21:19:09","113","34-","A","WSA"
"2017-01-14 21:19:09","113","16-","D","WSA"
"2017-01-14 21:19:19","113","16-","A","WSA"
"2017-01-14 21:19:19","113","34-","D","WSA"
"2017-01-14 21:19:19","113","34-","A","WSA"
"2017-01-14 21:19:19","113","16-","D","WSA"
"2017-01-14 21:19:29","113","16-","A","WSA"
"2017-01-14 21:19:29","113","34-","D","WSA"
"2017-01-14 21:19:29","113","34-","A","WSA"
"2017-01-14 21:19:29","113","16-","D","WSA"
"2017-01-14 21:19:39","113","16-","A","WSA"
"2017-01-14 21:19:39","113","34-","D","WSA"
"2017-01-14 21:19:39","113","34-","A","WSA"
"2017-01-14 21:19:39","113","16-","D","WSA"
"2017-01-14 21:24:29","113","16-","A","WSA"
"2017-01-14 21:24:29","113","34-","D","WSA"
"2017-01-14 21:24:29","113","34-","A","WSA"
"2017-01-14 21:24:29","113","16-","D","WSA"
"2017-01-14 21:24:39","113","16-","A","WSA"
"2017-01-14 21:24:39","113","34-","D","WSA"
"2017-01-14 21:24:39","113","34-","A","WSA"
"2017-01-14 21:24:39","113","16-","D","WSA"
"2017-01-14 21:24:49","113","16-","A","WSA"
"2017-01-14 21:24:49","113","34-","D","WSA"
"2017-01-14 21:24:49","113","34-","A","WSA"
"2017-01-14 21:24:49","113","16-","D","WSA"
"2017-01-14 21:24:59","113","16-","A","WSA"
"2017-01-14 21:24:59","113","34-","D","WSA"
"2017-01-14 21:24:59","113","34-","A","WSA"
"2017-01-14 21:24:59","113","16-","D","WSA"
"2017-01-14 21:28:19","113","16-","A","WSA"
"2017-01-14 21:28:19","113","34-","D","WSA"
"2017-01-14 21:28:19","113","34-","A","WSA"
"2017-01-14 21:28:19","113","16-","D","WSA"
"2017-01-14 21:28:29","113","16-","A","WSA"
"2017-01-14 21:28:29","113","34-","D","WSA"
"2017-01-14 21:28:29","113","34-","A","WSA"
"2017-01-14 21:28:29","113","16-","D","WSA"
"2017-01-14 21:28:39","113","16-","A","WSA"
"2017-01-14 21:28:39","113","34-","D","WSA"
"2017-01-14 21:28:39","113","34-","A","WSA"
"2017-01-14 21:28:39","113","16-","D","WSA"
"2017-01-14 21:29:39","113","16-","A","WSA"
"2017-01-14 21:29:39","113","34-","D","WSA"
"2017-01-14 21:29:39","113","34-","A","WSA"
"2017-01-14 21:29:39","113","16-","D","WSA"
"2017-01-14 21:29:49","113","16-","A","WSA"
"2017-01-14 21:29:49","113","34-","D","WSA"
"2017-01-14 21:29:49","113","34-","A","WSA"
"2017-01-14 21:29:49","113","16-","D","WSA"
"2017-01-14 21:29:59","113","16-","A","WSA"
"2017-01-14 21:29:59","113","34-","D","WSA"
"2017-01-14 21:29:59","113","34-","A","WSA"
"2017-01-14 21:29:59","113","16-","D","WSA"
"2017-01-14 21:30:09","113","16-","A","WSA"
"2017-01-14 21:30:09","113","34-","D","WSA"
"2017-01-14 21:30:09","113","34-","A","WSA"
"2017-01-14 21:30:09","113","16-","D","WSA"
"2017-01-14 21:34:49","113","16-","A","WSA"
"2017-01-14 21:34:49","113","34-","D","WSA"
"2017-01-14 21:34:49","113","34-","A","WSA"
"2017-01-14 21:34:49","113","16-","D","WSA"
"2017-01-14 21:34:59","113","16-","A","WSA"
"2017-01-14 21:34:59","113","34-","D","WSA"
"2017-01-14 21:34:59","113","34-","A","WSA"
"2017-01-14 21:34:59","113","16-","D","WSA"
"2017-01-14 21:35:09","113","16-","A","WSA"
"2017-01-14 21:35:09","113","34-","D","WSA"
"2017-01-14 21:35:09","113","34-","A","WSA"
"2017-01-14 21:35:09","113","16-","D","WSA"
"2017-01-14 21:35:19","113","16-","A","WSA"
"2017-01-14 21:35:19","113","34-","D","WSA"
"2017-01-14 21:35:19","113","34-","A","WSA"
"2017-01-14 21:35:19","113","16-","D","WSA"
"2017-01-14 21:35:29","113","16-","A","WSA"
"2017-01-14 21:35:29","113","34-","D","WSA"
"2017-01-14 21:35:29","113","34-","A","WSA"
"2017-01-14 21:35:29","113","16-","D","WSA"
"2017-01-14 21:35:39","113","16-","A","WSA"
"2017-01-14 21:35:39","113","34-","D","WSA"
"2017-01-14 21:35:39","113","34-","A","WSA"
"2017-01-14 21:35:39","113","16-","D","WSA"
"2017-01-14 21:35:49","113","16-","A","WSA"
"2017-01-14 21:35:49","113","34-","D","WSA"
"2017-01-14 21:35:49","113","34-","A","WSA"
"2017-01-14 21:35:49","113","16-","D","WSA"
"2017-01-14 21:35:59","113","16-","A","WSA"
"2017-01-14 21:35:59","113","34-","D","WSA"
"2017-01-14 21:35:59","113","34-","A","WSA"
"2017-01-14 21:35:59","113","16-","D","WSA"
"2017-01-14 21:36:09","113","16-","A","WSA"
"2017-01-14 21:36:09","113","34-","D","WSA"
"2017-01-14 21:36:09","113","34-","A","WSA"
"2017-01-14 21:36:09","113","16-","D","WSA"
"2017-01-14 21:36:19","113","16-","A","WSA"
"2017-01-14 21:36:19","113","34-","D","WSA"
"2017-01-14 21:36:19","113","34-","A","WSA"
"2017-01-14 21:36:19","113","16-","D","WSA"
"2017-01-14 21:36:29","113","16-","A","WSA"
"2017-01-14 21:36:29","113","34-","D","WSA"
"2017-01-14 21:36:29","113","34-","A","WSA"
"2017-01-14 21:36:29","113","16-","D","WSA"
"2017-01-14 21:42:19","113","16-","A","WSA"
"2017-01-14 21:42:19","113","34-","D","WSA"
"2017-01-14 21:42:19","113","34-","A","WSA"
"2017-01-14 21:42:19","113","16-","D","WSA"
"2017-01-14 22:13:49","113","33R","A","WSA"
"2017-01-14 22:13:49","113","15L","D","WSA"
"2017-01-14 22:13:49","113","33L","A","WSA"
"2017-01-14 22:13:49","113","15R","D","WSA"
"2017-01-14 22:13:59","113","33R","A","WSA"
"2017-01-14 22:13:59","113","15L","D","WSA"
"2017-01-14 22:13:59","113","33L","A","WSA"
"2017-01-14 22:13:59","113","15R","D","WSA"
"2017-01-14 22:14:09","113","33R","A","WSA"
"2017-01-14 22:14:09","113","15L","D","WSA"
"2017-01-14 22:14:09","113","33L","A","WSA"
"2017-01-14 22:14:09","113","15R","D","WSA"
"2017-01-14 22:14:19","113","33R","A","WSA"
"2017-01-14 22:14:19","113","15L","D","WSA"
"2017-01-14 22:14:19","113","33L","A","WSA"
"2017-01-14 22:14:19","113","15R","D","WSA"
"2017-01-14 22:14:29","113","33R","A","WSA"
"2017-01-14 22:14:29","113","15L","D","WSA"
"2017-01-14 22:14:29","113","33L","A","WSA"
"2017-01-14 22:14:29","113","15R","D","WSA"
"2017-01-14 22:14:29","113","15R","A","WSA"
"2017-01-14 22:14:29","113","33L","D","WSA"
"2017-01-14 22:14:29","113","15L","A","WSA"
"2017-01-14 22:14:29","113","33R","D","WSA"
"2017-01-14 22:14:39","113","33R","A","WSA"
"2017-01-14 22:14:39","113","15L","D","WSA"
"2017-01-14 22:14:39","113","33L","A","WSA"
"2017-01-14 22:14:39","113","15R","D","WSA"
"2017-01-14 22:14:49","113","33R","A","WSA"
"2017-01-14 22:14:49","113","15L","D","WSA"
"2017-01-14 22:14:49","113","33L","A","WSA"
"2017-01-14 22:14:49","113","15R","D","WSA"
"2017-01-15 00:14:19","113","16-","A","WSA"
"2017-01-15 00:14:19","113","34-","D","WSA"
"2017-01-15 00:14:19","113","34-","A","WSA"
"2017-01-15 00:14:19","113","16-","D","WSA"
"2017-01-15 00:14:29","113","16-","A","WSA"
"2017-01-15 00:14:29","113","34-","D","WSA"
"2017-01-15 00:14:29","113","34-","A","WSA"
"2017-01-15 00:14:29","113","16-","D","WSA"
"2017-01-15 00:14:39","113","16-","A","WSA"
"2017-01-15 00:14:39","113","34-","D","WSA"
"2017-01-15 00:14:39","113","34-","A","WSA"
"2017-01-15 00:14:39","113","16-","D","WSA"
"2017-01-15 00:14:49","113","16-","A","WSA"
"2017-01-15 00:14:49","113","34-","D","WSA"
"2017-01-15 00:14:49","113","34-","A","WSA"
"2017-01-15 00:14:49","113","16-","D","WSA"
"2017-01-15 00:14:59","113","16-","A","WSA"
"2017-01-15 00:14:59","113","34-","D","WSA"
"2017-01-15 00:14:59","113","34-","A","WSA"
"2017-01-15 00:14:59","113","16-","D","WSA"
"2017-01-15 02:33:19","113","16-","A","WSA"
"2017-01-15 02:33:19","113","34-","D","WSA"
"2017-01-15 02:33:19","113","34-","A","WSA"
"2017-01-15 02:33:19","113","16-","D","WSA"
"2017-01-15 02:33:29","113","16-","A","WSA"
"2017-01-15 02:33:29","113","34-","D","WSA"
"2017-01-15 02:33:29","113","34-","A","WSA"
"2017-01-15 02:33:29","113","16-","D","WSA"
"2017-01-15 02:33:39","113","16-","A","WSA"
"2017-01-15 02:33:39","113","34-","D","WSA"
"2017-01-15 02:33:39","113","34-","A","WSA"
"2017-01-15 02:33:39","113","16-","D","WSA"
"2017-01-15 03:03:19","113","16-","A","WSA"
"2017-01-15 03:03:19","113","34-","D","WSA"
"2017-01-15 03:03:19","113","34-","A","WSA"
"2017-01-15 03:03:19","113","16-","D","WSA"
"2017-01-15 03:03:29","113","16-","A","WSA"
"2017-01-15 03:03:29","113","34-","D","WSA"
"2017-01-15 03:03:29","113","34-","A","WSA"
"2017-01-15 03:03:29","113","16-","D","WSA"
"2017-01-15 03:03:39","113","16-","A","WSA"
"2017-01-15 03:03:39","113","34-","D","WSA"
"2017-01-15 03:03:39","113","34-","A","WSA"
"2017-01-15 03:03:39","113","16-","D","WSA"
"2017-01-15 03:03:49","113","16-","A","WSA"
"2017-01-15 03:03:49","113","34-","D","WSA"
"2017-01-15 03:03:49","113","34-","A","WSA"
"2017-01-15 03:03:49","113","16-","D","WSA"
"2017-01-15 03:51:59","113","16-","A","WSA"
"2017-01-15 03:51:59","113","34-","D","WSA"
"2017-01-15 03:51:59","113","34-","A","WSA"
"2017-01-15 03:51:59","113","16-","D","WSA"
"2017-01-15 03:52:09","113","16-","A","WSA"
"2017-01-15 03:52:09","113","34-","D","WSA"
"2017-01-15 03:52:09","113","34-","A","WSA"
"2017-01-15 03:52:09","113","16-","D","WSA"
"2017-01-15 03:52:19","113","16-","A","WSA"
"2017-01-15 03:52:19","113","34-","D","WSA"
"2017-01-15 03:52:19","113","34-","A","WSA"
"2017-01-15 03:52:19","113","16-","D","WSA"
"2017-01-15 03:52:29","113","16-","A","WSA"
"2017-01-15 03:52:29","113","34-","D","WSA"
"2017-01-15 03:52:29","113","34-","A","WSA"
"2017-01-15 03:52:29","113","16-","D","WSA"
"2017-01-15 03:52:39","113","16-","A","WSA"
"2017-01-15 03:52:39","113","34-","D","WSA"
"2017-01-15 03:52:39","113","34-","A","WSA"
"2017-01-15 03:52:39","113","16-","D","WSA"
"2017-01-15 03:52:49","113","16-","A","WSA"
"2017-01-15 03:52:49","113","34-","D","WSA"
"2017-01-15 03:52:49","113","34-","A","WSA"
"2017-01-15 03:52:49","113","16-","D","WSA"
"2017-01-15 03:52:59","113","16-","A","WSA"
"2017-01-15 03:52:59","113","34-","D","WSA"
"2017-01-15 03:52:59","113","34-","A","WSA"
"2017-01-15 03:52:59","113","16-","D","WSA"
"2017-01-15 03:53:09","113","16-","A","WSA"
"2017-01-15 03:53:09","113","34-","D","WSA"
"2017-01-15 03:53:09","113","34-","A","WSA"
"2017-01-15 03:53:09","113","16-","D","WSA"
"2017-01-15 03:53:19","113","16-","A","WSA"
"2017-01-15 03:53:19","113","34-","D","WSA"
"2017-01-15 03:53:19","113","34-","A","WSA"
"2017-01-15 03:53:19","113","16-","D","WSA"
"2017-01-15 03:53:29","113","16-","A","WSA"
"2017-01-15 03:53:29","113","34-","D","WSA"
"2017-01-15 03:53:29","113","34-","A","WSA"
"2017-01-15 03:53:29","113","16-","D","WSA"
"2017-01-15 03:53:39","113","16-","A","WSA"
"2017-01-15 03:53:39","113","34-","D","WSA"
"2017-01-15 03:53:39","113","34-","A","WSA"
"2017-01-15 03:53:39","113","16-","D","WSA"
"2017-01-15 03:53:49","113","16-","A","WSA"
"2017-01-15 03:53:49","113","34-","D","WSA"
"2017-01-15 03:53:49","113","34-","A","WSA"
"2017-01-15 03:53:49","113","16-","D","WSA"
"2017-01-20 07:59:19","113","16-","A","WSA"
"2017-01-20 07:59:19","113","34-","D","WSA"
"2017-01-20 07:59:19","113","34-","A","WSA"
"2017-01-20 07:59:19","113","16-","D","WSA"
"2017-01-20 07:59:29","113","16-","A","WSA"
"2017-01-20 07:59:29","113","34-","D","WSA"
"2017-01-20 07:59:29","113","34-","A","WSA"
"2017-01-20 07:59:29","113","16-","D","WSA"
"2017-01-20 08:06:09","113","16-","A","WSA"
"2017-01-20 08:06:09","113","34-","D","WSA"
"2017-01-20 08:06:09","113","34-","A","WSA"
"2017-01-20 08:06:09","113","16-","D","WSA"
"2017-01-20 08:06:19","113","16-","A","WSA"
"2017-01-20 08:06:19","113","34-","D","WSA"
"2017-01-20 08:06:19","113","34-","A","WSA"
"2017-01-20 08:06:19","113","16-","D","WSA"
"2017-01-20 09:21:59","113","34-","A","WSA"
"2017-01-20 09:21:59","113","16-","D","WSA"
"2017-01-20 09:22:09","113","34-","A","WSA"
"2017-01-20 09:22:09","113","16-","D","WSA"
"2017-01-20 09:42:09","113","34-","A","WSA"
"2017-01-20 09:42:09","113","16-","D","WSA"
"2017-01-20 09:54:09","113","34-","A","WSA"
"2017-01-20 09:54:09","113","16-","D","WSA"
"2017-01-20 09:54:19","113","34-","A","WSA"
"2017-01-20 09:54:19","113","16-","D","WSA"
"2017-01-20 09:54:29","113","34-","A","WSA"
"2017-01-20 09:54:29","113","16-","D","WSA"
"2017-01-20 10:21:49","113","16-","A","WSA"
"2017-01-20 10:21:49","113","34-","D","WSA"
"2017-01-20 10:21:49","113","34-","A","WSA"
"2017-01-20 10:21:49","113","16-","D","WSA"
"2017-01-20 10:21:59","113","16-","A","WSA"
"2017-01-20 10:21:59","113","34-","D","WSA"
"2017-01-20 10:21:59","113","34-","A","WSA"
"2017-01-20 10:21:59","113","16-","D","WSA"
"2017-01-20 10:23:39","113","16-","A","WSA"
"2017-01-20 10:23:39","113","34-","D","WSA"
"2017-01-20 10:23:39","113","34-","A","WSA"
"2017-01-20 10:23:39","113","16-","D","WSA"
"2017-01-20 10:23:49","113","16-","A","WSA"
"2017-01-20 10:23:49","113","34-","D","WSA"
"2017-01-20 10:23:49","113","34-","A","WSA"
"2017-01-20 10:23:49","113","16-","D","WSA"
"2017-01-20 10:23:59","113","16-","A","WSA"
"2017-01-20 10:23:59","113","34-","D","WSA"
"2017-01-20 10:23:59","113","34-","A","WSA"
"2017-01-20 10:23:59","113","16-","D","WSA"
"2017-01-20 10:24:10","113","16-","A","WSA"
"2017-01-20 10:24:10","113","34-","D","WSA"
"2017-01-20 10:24:10","113","34-","A","WSA"
"2017-01-20 10:24:10","113","16-","D","WSA"
"2017-01-20 10:39:09","113","33R","A","WSA"
"2017-01-20 10:39:09","113","15L","D","WSA"
"2017-01-20 10:39:09","113","33L","A","WSA"
"2017-01-20 10:39:09","113","15R","D","WSA"
"2017-01-20 10:39:09","113","15R","A","WSA"
"2017-01-20 10:39:09","113","33L","D","WSA"
"2017-01-20 10:39:09","113","15L","A","WSA"
"2017-01-20 10:39:09","113","33R","D","WSA"
"2017-01-20 10:45:59","113","16-","A","WSA"
"2017-01-20 10:45:59","113","34-","D","WSA"
"2017-01-20 10:45:59","113","34-","A","WSA"
"2017-01-20 10:45:59","113","16-","D","WSA"
"2017-01-20 10:46:09","113","16-","A","WSA"
"2017-01-20 10:46:09","113","34-","D","WSA"
"2017-01-20 10:46:09","113","34-","A","WSA"
"2017-01-20 10:46:09","113","16-","D","WSA"
"2017-01-20 10:46:19","113","16-","A","WSA"
"2017-01-20 10:46:19","113","34-","D","WSA"
"2017-01-20 10:46:19","113","34-","A","WSA"
"2017-01-20 10:46:19","113","16-","D","WSA"
"2017-01-20 10:46:28","113","16-","A","WSA"
"2017-01-20 10:46:28","113","34-","D","WSA"
"2017-01-20 10:46:28","113","34-","A","WSA"
"2017-01-20 10:46:28","113","16-","D","WSA"
"2017-01-20 10:57:59","113","34-","A","WSA"
"2017-01-20 10:57:59","113","16-","D","WSA"
"2017-01-20 10:58:09","113","34-","A","WSA"
"2017-01-20 10:58:09","113","16-","D","WSA"
"2017-01-20 10:58:19","113","34-","A","WSA"
"2017-01-20 10:58:19","113","16-","D","WSA"
"2017-01-20 11:16:39","113","33R","A","WSA"
"2017-01-20 11:16:39","113","15L","D","WSA"
"2017-01-20 11:16:39","113","33L","A","WSA"
"2017-01-20 11:16:39","113","15R","D","WSA"
"2017-01-20 11:16:39","113","15R","A","WSA"
"2017-01-20 11:16:39","113","33L","D","WSA"
"2017-01-20 11:16:39","113","15L","A","WSA"
"2017-01-20 11:16:39","113","33R","D","WSA"
"2017-01-20 11:16:49","113","33R","A","WSA"
"2017-01-20 11:16:49","113","15L","D","WSA"
"2017-01-20 11:16:49","113","33L","A","WSA"
"2017-01-20 11:16:49","113","15R","D","WSA"
"2017-01-20 11:16:49","113","15R","A","WSA"
"2017-01-20 11:16:49","113","33L","D","WSA"
"2017-01-20 11:16:49","113","15L","A","WSA"
"2017-01-20 11:16:49","113","33R","D","WSA"
"2017-01-20 11:41:29","113","34-","A","WSA"
"2017-01-20 11:41:29","113","16-","D","WSA"
"2017-01-20 11:41:39","113","34-","A","WSA"
"2017-01-20 11:41:39","113","16-","D","WSA"
"2017-01-20 12:29:29","113","34-","A","WSA"
"2017-01-20 12:29:29","113","16-","D","WSA"
"2017-01-20 12:29:39","113","34-","A","WSA"
"2017-01-20 12:29:39","113","16-","D","WSA"
"2017-01-20 12:41:49","113","34-","A","WSA"
"2017-01-20 12:41:49","113","16-","D","WSA"
"2017-01-20 12:41:59","113","34-","A","WSA"
"2017-01-20 12:41:59","113","16-","D","WSA"
"2017-01-20 12:42:09","113","34-","A","WSA"
"2017-01-20 12:42:09","113","16-","D","WSA"
"2017-01-20 12:42:19","113","34-","A","WSA"
"2017-01-20 12:42:19","113","16-","D","WSA"
"2017-01-20 12:42:29","113","34-","A","WSA"
"2017-01-20 12:42:29","113","16-","D","WSA"
"2017-01-20 12:42:39","113","34-","A","WSA"
"2017-01-20 12:42:39","113","16-","D","WSA"
"2017-01-20 12:42:49","113","34-","A","WSA"
"2017-01-20 12:42:49","113","16-","D","WSA"
"2017-01-20 12:42:59","113","34-","A","WSA"
"2017-01-20 12:42:59","113","16-","D","WSA"
"2017-01-20 12:43:09","113","16-","A","WSA"
"2017-01-20 12:43:09","113","34-","D","WSA"
"2017-01-20 12:43:09","113","34-","A","WSA"
"2017-01-20 12:43:09","113","16-","D","WSA"
"2017-01-20 12:43:19","113","33R","A","WSA"
"2017-01-20 12:43:19","113","15L","D","WSA"
"2017-01-20 12:43:19","113","33L","A","WSA"
"2017-01-20 12:43:19","113","15R","D","WSA"
"2017-01-20 12:43:19","113","15R","A","WSA"
"2017-01-20 12:43:19","113","33L","D","WSA"
"2017-01-20 12:43:19","113","15L","A","WSA"
"2017-01-20 12:43:19","113","33R","D","WSA"
"2017-01-20 12:43:19","113","34-","A","WSA"
"2017-01-20 12:43:19","113","16-","D","WSA"
"2017-01-20 12:43:29","113","33R","A","WSA"
"2017-01-20 12:43:29","113","15L","D","WSA"
"2017-01-20 12:43:29","113","33L","A","WSA"
"2017-01-20 12:43:29","113","15R","D","WSA"
"2017-01-20 12:43:29","113","15R","A","WSA"
"2017-01-20 12:43:29","113","33L","D","WSA"
"2017-01-20 12:43:29","113","15L","A","WSA"
"2017-01-20 12:43:29","113","33R","D","WSA"
"2017-01-20 12:43:39","113","33R","A","WSA"
"2017-01-20 12:43:39","113","15L","D","WSA"
"2017-01-20 12:43:39","113","33L","A","WSA"
"2017-01-20 12:43:39","113","15R","D","WSA"
"2017-01-20 12:43:39","113","15R","A","WSA"
"2017-01-20 12:43:39","113","33L","D","WSA"
"2017-01-20 12:43:39","113","15L","A","WSA"
"2017-01-20 12:43:39","113","33R","D","WSA"
"2017-01-20 12:43:49","113","33R","A","WSA"
"2017-01-20 12:43:49","113","15L","D","WSA"
"2017-01-20 12:43:49","113","33L","A","WSA"
"2017-01-20 12:43:49","113","15R","D","WSA"
"2017-01-20 12:43:49","113","15R","A","WSA"
"2017-01-20 12:43:49","113","33L","D","WSA"
"2017-01-20 12:43:49","113","15L","A","WSA"
"2017-01-20 12:43:49","113","33R","D","WSA"
"2017-01-20 12:43:59","113","33R","A","WSA"
"2017-01-20 12:43:59","113","15L","D","WSA"
"2017-01-20 12:43:59","113","33L","A","WSA"
"2017-01-20 12:43:59","113","15R","D","WSA"
"2017-01-20 12:43:59","113","15R","A","WSA"
"2017-01-20 12:43:59","113","33L","D","WSA"
"2017-01-20 12:43:59","113","15L","A","WSA"
"2017-01-20 12:43:59","113","33R","D","WSA"
"2017-01-20 12:44:09","113","33R","A","WSA"
"2017-01-20 12:44:09","113","15L","D","WSA"
"2017-01-20 12:44:09","113","33L","A","WSA"
"2017-01-20 12:44:09","113","15R","D","WSA"
"2017-01-20 12:44:09","113","15R","A","WSA"
"2017-01-20 12:44:09","113","33L","D","WSA"
"2017-01-20 12:44:09","113","15L","A","WSA"
"2017-01-20 12:44:09","113","33R","D","WSA"
"2017-01-20 12:44:59","113","34-","A","WSA"
"2017-01-20 12:44:59","113","16-","D","WSA"
"2017-01-20 12:45:09","113","33R","A","WSA"
"2017-01-20 12:45:09","113","15L","D","WSA"
"2017-01-20 12:45:09","113","33L","A","WSA"
"2017-01-20 12:45:09","113","15R","D","WSA"
"2017-01-20 12:45:09","113","15R","A","WSA"
"2017-01-20 12:45:09","113","33L","D","WSA"
"2017-01-20 12:45:09","113","15L","A","WSA"
"2017-01-20 12:45:09","113","33R","D","WSA"
"2017-01-20 12:45:09","113","34-","A","WSA"
"2017-01-20 12:45:09","113","16-","D","WSA"
"2017-01-20 12:45:19","113","34-","A","WSA"
"2017-01-20 12:45:19","113","16-","D","WSA"
"2017-01-20 12:45:39","113","33R","A","WSA"
"2017-01-20 12:45:39","113","15L","D","WSA"
"2017-01-20 12:45:39","113","33L","A","WSA"
"2017-01-20 12:45:39","113","15R","D","WSA"
"2017-01-20 12:45:39","113","15R","A","WSA"
"2017-01-20 12:45:39","113","33L","D","WSA"
"2017-01-20 12:45:39","113","15L","A","WSA"
"2017-01-20 12:45:39","113","33R","D","WSA"
"2017-01-20 12:45:49","113","33R","A","WSA"
"2017-01-20 12:45:49","113","15L","D","WSA"
"2017-01-20 12:45:49","113","33L","A","WSA"
"2017-01-20 12:45:49","113","15R","D","WSA"
"2017-01-20 12:45:49","113","15R","A","WSA"
"2017-01-20 12:45:49","113","33L","D","WSA"
"2017-01-20 12:45:49","113","15L","A","WSA"
"2017-01-20 12:45:49","113","33R","D","WSA"
"2017-01-20 12:53:39","113","33R","A","WSA"
"2017-01-20 12:53:39","113","15L","D","WSA"
"2017-01-20 12:53:39","113","33L","A","WSA"
"2017-01-20 12:53:39","113","15R","D","WSA"
"2017-01-20 12:53:39","113","15R","A","WSA"
"2017-01-20 12:53:39","113","33L","D","WSA"
"2017-01-20 12:53:39","113","15L","A","WSA"
"2017-01-20 12:53:39","113","33R","D","WSA"
"2017-01-20 12:53:49","113","33R","A","WSA"
"2017-01-20 12:53:49","113","15L","D","WSA"
"2017-01-20 12:53:49","113","33L","A","WSA"
"2017-01-20 12:53:49","113","15R","D","WSA"
"2017-01-20 12:53:49","113","15R","A","WSA"
"2017-01-20 12:53:49","113","33L","D","WSA"
"2017-01-20 12:53:49","113","15L","A","WSA"
"2017-01-20 12:53:49","113","33R","D","WSA"
"2017-01-20 12:53:59","113","33R","A","WSA"
"2017-01-20 12:53:59","113","15L","D","WSA"
"2017-01-20 12:53:59","113","33L","A","WSA"
"2017-01-20 12:53:59","113","15R","D","WSA"
"2017-01-20 12:53:59","113","15R","A","WSA"
"2017-01-20 12:53:59","113","33L","D","WSA"
"2017-01-20 12:53:59","113","15L","A","WSA"
"2017-01-20 12:53:59","113","33R","D","WSA"
"2017-01-20 12:54:09","113","33R","A","WSA"
"2017-01-20 12:54:09","113","15L","D","WSA"
"2017-01-20 12:54:09","113","33L","A","WSA"
"2017-01-20 12:54:09","113","15R","D","WSA"
"2017-01-20 12:54:09","113","15R","A","WSA"
"2017-01-20 12:54:09","113","33L","D","WSA"
"2017-01-20 12:54:09","113","15L","A","WSA"
"2017-01-20 12:54:09","113","33R","D","WSA"
"2017-01-20 12:54:19","113","33R","A","WSA"
"2017-01-20 12:54:19","113","15L","D","WSA"
"2017-01-20 12:54:19","113","33L","A","WSA"
"2017-01-20 12:54:19","113","15R","D","WSA"
"2017-01-20 12:54:19","113","15R","A","WSA"
"2017-01-20 12:54:19","113","33L","D","WSA"
"2017-01-20 12:54:19","113","15L","A","WSA"
"2017-01-20 12:54:19","113","33R","D","WSA"
"2017-01-20 12:54:29","113","33R","A","WSA"
"2017-01-20 12:54:29","113","15L","D","WSA"
"2017-01-20 12:54:29","113","33L","A","WSA"
"2017-01-20 12:54:29","113","15R","D","WSA"
"2017-01-20 12:54:29","113","15R","A","WSA"
"2017-01-20 12:54:29","113","33L","D","WSA"
"2017-01-20 12:54:29","113","15L","A","WSA"
"2017-01-20 12:54:29","113","33R","D","WSA"
"2017-01-20 12:54:39","113","33R","A","WSA"
"2017-01-20 12:54:39","113","15L","D","WSA"
"2017-01-20 12:54:39","113","33L","A","WSA"
"2017-01-20 12:54:39","113","15R","D","WSA"
"2017-01-20 12:54:39","113","15R","A","WSA"
"2017-01-20 12:54:39","113","33L","D","WSA"
"2017-01-20 12:54:39","113","15L","A","WSA"
"2017-01-20 12:54:39","113","33R","D","WSA"
"2017-01-20 13:00:59","113","16-","A","WSA"
"2017-01-20 13:00:59","113","34-","D","WSA"
"2017-01-20 13:00:59","113","34-","A","WSA"
"2017-01-20 13:00:59","113","16-","D","WSA"
"2017-01-20 13:43:59","113","33R","A","WSA"
"2017-01-20 13:43:59","113","15L","D","WSA"
"2017-01-20 13:43:59","113","33L","A","WSA"
"2017-01-20 13:43:59","113","15R","D","WSA"
"2017-01-20 13:43:59","113","15R","A","WSA"
"2017-01-20 13:43:59","113","33L","D","WSA"
"2017-01-20 13:43:59","113","15L","A","WSA"
"2017-01-20 13:43:59","113","33R","D","WSA"
"2017-01-20 13:44:09","113","33R","A","WSA"
"2017-01-20 13:44:09","113","15L","D","WSA"
"2017-01-20 13:44:09","113","33L","A","WSA"
"2017-01-20 13:44:09","113","15R","D","WSA"
"2017-01-20 13:44:09","113","15R","A","WSA"
"2017-01-20 13:44:09","113","33L","D","WSA"
"2017-01-20 13:44:09","113","15L","A","WSA"
"2017-01-20 13:44:09","113","33R","D","WSA"
"2017-01-20 13:47:39","113","16-","A","WSA"
"2017-01-20 13:47:39","113","34-","D","WSA"
"2017-01-20 13:47:39","113","34-","A","WSA"
"2017-01-20 13:47:39","113","16-","D","WSA"
"2017-01-20 13:47:49","113","16-","A","WSA"
"2017-01-20 13:47:49","113","34-","D","WSA"
"2017-01-20 13:47:49","113","34-","A","WSA"
"2017-01-20 13:47:49","113","16-","D","WSA"
"2017-01-20 13:47:58","113","16-","A","WSA"
"2017-01-20 13:47:58","113","34-","D","WSA"
"2017-01-20 13:47:58","113","34-","A","WSA"
"2017-01-20 13:47:58","113","16-","D","WSA"
"2017-01-20 14:01:49","113","33R","A","WSA"
"2017-01-20 14:01:49","113","15L","D","WSA"
"2017-01-20 14:01:49","113","33L","A","WSA"
"2017-01-20 14:01:49","113","15R","D","WSA"
"2017-01-20 14:01:49","113","15R","A","WSA"
"2017-01-20 14:01:49","113","33L","D","WSA"
"2017-01-20 14:01:49","113","15L","A","WSA"
"2017-01-20 14:01:49","113","33R","D","WSA"
"2017-01-20 14:01:49","113","16-","A","WSA"
"2017-01-20 14:01:49","113","34-","D","WSA"
"2017-01-20 14:01:49","113","34-","A","WSA"
"2017-01-20 14:01:49","113","16-","D","WSA"
"2017-01-20 14:01:59","113","33R","A","WSA"
"2017-01-20 14:01:59","113","15L","D","WSA"
"2017-01-20 14:01:59","113","33L","A","WSA"
"2017-01-20 14:01:59","113","15R","D","WSA"
"2017-01-20 14:01:59","113","15R","A","WSA"
"2017-01-20 14:01:59","113","33L","D","WSA"
"2017-01-20 14:01:59","113","15L","A","WSA"
"2017-01-20 14:01:59","113","33R","D","WSA"
"2017-01-20 14:01:59","113","16-","A","WSA"
"2017-01-20 14:01:59","113","34-","D","WSA"
"2017-01-20 14:01:59","113","34-","A","WSA"
"2017-01-20 14:01:59","113","16-","D","WSA"
"2017-01-20 14:56:09","113","34-","A","WSA"
"2017-01-20 14:56:09","113","16-","D","WSA"
"2017-01-20 14:56:19","113","34-","A","WSA"
"2017-01-20 14:56:19","113","16-","D","WSA"
"2017-01-20 14:56:29","113","34-","A","WSA"
"2017-01-20 14:56:29","113","16-","D","WSA"
"2017-01-21 22:07:18","113","16-","A","WSA"
"2017-01-21 22:07:18","113","34-","D","WSA"
"2017-01-21 22:07:29","113","16-","A","WSA"
"2017-01-21 22:07:29","113","34-","D","WSA"
"2017-01-21 22:07:29","113","34-","A","WSA"
"2017-01-21 22:07:29","113","16-","D","WSA"
"2017-01-21 22:07:39","113","16-","A","WSA"
"2017-01-21 22:07:39","113","34-","D","WSA"
"2017-01-21 22:07:39","113","34-","A","WSA"
"2017-01-21 22:07:39","113","16-","D","WSA"
"2017-01-21 22:07:48","113","16-","A","WSA"
"2017-01-21 22:07:48","113","34-","D","WSA"
"2017-01-21 22:07:48","113","34-","A","WSA"
"2017-01-21 22:07:48","113","16-","D","WSA"
"2017-01-21 22:07:58","113","16-","A","WSA"
"2017-01-21 22:07:58","113","34-","D","WSA"
"2017-01-21 22:07:58","113","34-","A","WSA"
"2017-01-21 22:07:58","113","16-","D","WSA"
"2017-01-21 22:08:09","113","16-","A","WSA"
"2017-01-21 22:08:09","113","34-","D","WSA"
"2017-01-21 22:08:09","113","34-","A","WSA"
"2017-01-21 22:08:09","113","16-","D","WSA"
"2017-01-21 22:08:19","113","16-","A","WSA"
"2017-01-21 22:08:19","113","34-","D","WSA"
"2017-01-21 22:08:19","113","34-","A","WSA"
"2017-01-21 22:08:19","113","16-","D","WSA"
"2017-01-21 22:08:28","113","16-","A","WSA"
"2017-01-21 22:08:28","113","34-","D","WSA"
"2017-01-21 22:08:28","113","34-","A","WSA"
"2017-01-21 22:08:28","113","16-","D","WSA"
"2017-01-21 22:08:39","113","16-","A","WSA"
"2017-01-21 22:08:39","113","34-","D","WSA"
"2017-01-21 22:08:39","113","34-","A","WSA"
"2017-01-21 22:08:39","113","16-","D","WSA"
"2017-01-21 22:08:49","113","16-","A","WSA"
"2017-01-21 22:08:49","113","34-","D","WSA"
"2017-01-21 22:08:49","113","34-","A","WSA"
"2017-01-21 22:08:49","113","16-","D","WSA"
"2017-01-21 22:08:59","113","16-","A","WSA"
"2017-01-21 22:08:59","113","34-","D","WSA"
"2017-01-21 22:08:59","113","34-","A","WSA"
"2017-01-21 22:08:59","113","16-","D","WSA"
"2017-01-21 22:09:09","113","16-","A","WSA"
"2017-01-21 22:09:09","113","34-","D","WSA"
"2017-01-21 22:09:09","113","34-","A","WSA"
"2017-01-21 22:09:09","113","16-","D","WSA"
"2017-01-21 22:09:18","113","16-","A","WSA"
"2017-01-21 22:09:18","113","34-","D","WSA"
"2017-01-21 22:09:18","113","34-","A","WSA"
"2017-01-21 22:09:18","113","16-","D","WSA"
"2017-01-21 22:09:29","113","16-","A","WSA"
"2017-01-21 22:09:29","113","34-","D","WSA"
"2017-01-21 22:09:29","113","34-","A","WSA"
"2017-01-21 22:09:29","113","16-","D","WSA"
"2017-01-21 22:09:39","113","16-","A","WSA"
"2017-01-21 22:09:39","113","34-","D","WSA"
"2017-01-21 22:09:39","113","34-","A","WSA"
"2017-01-21 22:09:39","113","16-","D","WSA"
"2017-01-21 22:09:48","113","16-","A","WSA"
"2017-01-21 22:09:48","113","34-","D","WSA"
"2017-01-21 22:09:48","113","34-","A","WSA"
"2017-01-21 22:09:48","113","16-","D","WSA"
"2017-01-21 22:09:59","113","16-","A","WSA"
"2017-01-21 22:09:59","113","34-","D","WSA"
"2017-01-21 22:09:59","113","34-","A","WSA"
"2017-01-21 22:09:59","113","16-","D","WSA"
"2017-01-21 22:10:08","113","16-","A","WSA"
"2017-01-21 22:10:08","113","34-","D","WSA"
"2017-01-21 22:10:08","113","34-","A","WSA"
"2017-01-21 22:10:08","113","16-","D","WSA"
"2017-01-21 22:10:19","113","16-","A","WSA"
"2017-01-21 22:10:19","113","34-","D","WSA"
"2017-01-21 22:10:19","113","34-","A","WSA"
"2017-01-21 22:10:19","113","16-","D","WSA"
"2017-01-21 22:10:28","113","16-","A","WSA"
"2017-01-21 22:10:28","113","34-","D","WSA"
"2017-01-21 22:10:28","113","34-","A","WSA"
"2017-01-21 22:10:28","113","16-","D","WSA"
"2017-01-21 22:10:39","113","16-","A","WSA"
"2017-01-21 22:10:39","113","34-","D","WSA"
"2017-01-21 22:10:39","113","34-","A","WSA"
"2017-01-21 22:10:39","113","16-","D","WSA"
"2017-01-21 22:12:59","113","33R","A","WSA"
"2017-01-21 22:12:59","113","15L","D","WSA"
"2017-01-21 22:12:59","113","33L","A","WSA"
"2017-01-21 22:12:59","113","15R","D","WSA"
"2017-01-21 22:12:59","113","15R","A","WSA"
"2017-01-21 22:12:59","113","33L","D","WSA"
"2017-01-21 22:12:59","113","15L","A","WSA"
"2017-01-21 22:12:59","113","33R","D","WSA"
"2017-01-21 22:12:59","113","16-","A","WSA"
"2017-01-21 22:12:59","113","34-","D","WSA"
"2017-01-21 22:12:59","113","34-","A","WSA"
"2017-01-21 22:12:59","113","16-","D","WSA"
"2017-01-21 22:13:09","113","33R","A","WSA"
"2017-01-21 22:13:09","113","15L","D","WSA"
"2017-01-21 22:13:09","113","33L","A","WSA"
"2017-01-21 22:13:09","113","15R","D","WSA"
"2017-01-21 22:13:09","113","15R","A","WSA"
"2017-01-21 22:13:09","113","33L","D","WSA"
"2017-01-21 22:13:09","113","15L","A","WSA"
"2017-01-21 22:13:09","113","33R","D","WSA"
"2017-01-21 22:13:09","113","16-","A","WSA"
"2017-01-21 22:13:09","113","34-","D","WSA"
"2017-01-21 22:13:09","113","34-","A","WSA"
"2017-01-21 22:13:09","113","16-","D","WSA"
"2017-01-21 22:13:18","113","33R","A","WSA"
"2017-01-21 22:13:18","113","15L","D","WSA"
"2017-01-21 22:13:18","113","33L","A","WSA"
"2017-01-21 22:13:18","113","15R","D","WSA"
"2017-01-21 22:13:18","113","15R","A","WSA"
"2017-01-21 22:13:18","113","33L","D","WSA"
"2017-01-21 22:13:18","113","15L","A","WSA"
"2017-01-21 22:13:18","113","33R","D","WSA"
"2017-01-21 22:13:18","113","16-","A","WSA"
"2017-01-21 22:13:18","113","34-","D","WSA"
"2017-01-21 22:13:18","113","34-","A","WSA"
"2017-01-21 22:13:18","113","16-","D","WSA"
"2017-01-21 22:13:29","113","33R","A","WSA"
"2017-01-21 22:13:29","113","15L","D","WSA"
"2017-01-21 22:13:29","113","33L","A","WSA"
"2017-01-21 22:13:29","113","15R","D","WSA"
"2017-01-21 22:13:29","113","15R","A","WSA"
"2017-01-21 22:13:29","113","33L","D","WSA"
"2017-01-21 22:13:29","113","15L","A","WSA"
"2017-01-21 22:13:29","113","33R","D","WSA"
"2017-01-21 22:13:29","113","16-","A","WSA"
"2017-01-21 22:13:29","113","34-","D","WSA"
"2017-01-21 22:13:29","113","34-","A","WSA"
"2017-01-21 22:13:29","113","16-","D","WSA"
"2017-01-21 22:13:39","113","33R","A","WSA"
"2017-01-21 22:13:39","113","15L","D","WSA"
"2017-01-21 22:13:39","113","33L","A","WSA"
"2017-01-21 22:13:39","113","15R","D","WSA"
"2017-01-21 22:13:39","113","15R","A","WSA"
"2017-01-21 22:13:39","113","33L","D","WSA"
"2017-01-21 22:13:39","113","15L","A","WSA"
"2017-01-21 22:13:39","113","33R","D","WSA"
"2017-01-21 22:13:39","113","16-","A","WSA"
"2017-01-21 22:13:39","113","34-","D","WSA"
"2017-01-21 22:13:39","113","34-","A","WSA"
"2017-01-21 22:13:39","113","16-","D","WSA"
"2017-01-21 22:13:49","113","33R","A","WSA"
"2017-01-21 22:13:49","113","15L","D","WSA"
"2017-01-21 22:13:49","113","33L","A","WSA"
"2017-01-21 22:13:49","113","15R","D","WSA"
"2017-01-21 22:13:49","113","15R","A","WSA"
"2017-01-21 22:13:49","113","33L","D","WSA"
"2017-01-21 22:13:49","113","15L","A","WSA"
"2017-01-21 22:13:49","113","33R","D","WSA"
"2017-01-21 22:13:49","113","16-","A","WSA"
"2017-01-21 22:13:49","113","34-","D","WSA"
"2017-01-21 22:13:49","113","34-","A","WSA"
"2017-01-21 22:13:49","113","16-","D","WSA"
"2017-01-21 22:43:08","113","16-","A","WSA"
"2017-01-21 22:43:08","113","34-","D","WSA"
"2017-01-21 22:43:19","113","16-","A","WSA"
"2017-01-21 22:43:19","113","34-","D","WSA"
"2017-01-21 22:43:19","113","34-","A","WSA"
"2017-01-21 22:43:19","113","16-","D","WSA"
"2017-01-21 22:43:28","113","16-","A","WSA"
"2017-01-21 22:43:28","113","34-","D","WSA"
"2017-01-21 22:43:38","113","16-","A","WSA"
"2017-01-21 22:43:38","113","34-","D","WSA"
"2017-01-21 22:43:49","113","16-","A","WSA"
"2017-01-21 22:43:49","113","34-","D","WSA"
"2017-01-21 22:43:59","113","15R","A","WSA"
"2017-01-21 22:43:59","113","33L","D","WSA"
"2017-01-21 22:43:59","113","15L","A","WSA"
"2017-01-21 22:43:59","113","33R","D","WSA"
"2017-01-21 22:43:59","113","16-","A","WSA"
"2017-01-21 22:43:59","113","34-","D","WSA"
"2017-01-21 22:44:09","113","15R","A","WSA"
"2017-01-21 22:44:09","113","33L","D","WSA"
"2017-01-21 22:44:09","113","15L","A","WSA"
"2017-01-21 22:44:09","113","33R","D","WSA"
"2017-01-21 22:44:09","113","16-","A","WSA"
"2017-01-21 22:44:09","113","34-","D","WSA"
"2017-01-21 22:44:18","113","15R","A","WSA"
"2017-01-21 22:44:18","113","33L","D","WSA"
"2017-01-21 22:44:18","113","15L","A","WSA"
"2017-01-21 22:44:18","113","33R","D","WSA"
"2017-01-21 22:44:18","113","16-","A","WSA"
"2017-01-21 22:44:18","113","34-","D","WSA"
"2017-01-21 22:44:28","113","15R","A","WSA"
"2017-01-21 22:44:28","113","33L","D","WSA"
"2017-01-21 22:44:28","113","15L","A","WSA"
"2017-01-21 22:44:28","113","33R","D","WSA"
"2017-01-21 22:44:39","113","15R","A","WSA"
"2017-01-21 22:44:39","113","33L","D","WSA"
"2017-01-21 22:44:39","113","15L","A","WSA"
"2017-01-21 22:44:39","113","33R","D","WSA"
"2017-01-21 22:44:49","113","15R","A","WSA"
"2017-01-21 22:44:49","113","33L","D","WSA"
"2017-01-21 22:44:49","113","15L","A","WSA"
"2017-01-21 22:44:49","113","33R","D","WSA"
"2017-01-21 23:51:58","113","33R","A","WSA"
"2017-01-21 23:51:58","113","15L","D","WSA"
"2017-01-21 23:51:58","113","33L","A","WSA"
"2017-01-21 23:51:58","113","15R","D","WSA"
"2017-01-21 23:51:58","113","15R","A","WSA"
"2017-01-21 23:51:58","113","33L","D","WSA"
"2017-01-21 23:51:58","113","15L","A","WSA"
"2017-01-21 23:51:58","113","33R","D","WSA"
"2017-01-22 10:55:59","113","34-","A","WSA"
"2017-01-22 10:55:59","113","16-","D","WSA"
"2017-01-22 10:56:09","113","34-","A","WSA"
"2017-01-22 10:56:09","113","16-","D","WSA"
"2017-01-22 12:28:59","113","34-","A","WSA"
"2017-01-22 12:28:59","113","16-","D","WSA"
"2017-01-22 13:29:59","113","33R","A","WSA"
"2017-01-22 13:29:59","113","15L","D","WSA"
"2017-01-22 13:29:59","113","33L","A","WSA"
"2017-01-22 13:29:59","113","15R","D","WSA"
"2017-01-22 13:29:59","113","15R","A","WSA"
"2017-01-22 13:29:59","113","33L","D","WSA"
"2017-01-22 13:29:59","113","15L","A","WSA"
"2017-01-22 13:29:59","113","33R","D","WSA"
"2017-01-22 13:30:09","113","33R","A","WSA"
"2017-01-22 13:30:09","113","15L","D","WSA"
"2017-01-22 13:30:09","113","33L","A","WSA"
"2017-01-22 13:30:09","113","15R","D","WSA"
"2017-01-22 13:30:09","113","15R","A","WSA"
"2017-01-22 13:30:09","113","33L","D","WSA"
"2017-01-22 13:30:09","113","15L","A","WSA"
"2017-01-22 13:30:09","113","33R","D","WSA"
"2017-01-22 13:33:09","113","33R","A","WSA"
"2017-01-22 13:33:09","113","15L","D","WSA"
"2017-01-22 13:33:09","113","33L","A","WSA"
"2017-01-22 13:33:09","113","15R","D","WSA"
"2017-01-22 13:33:09","113","15R","A","WSA"
"2017-01-22 13:33:09","113","33L","D","WSA"
"2017-01-22 13:33:09","113","15L","A","WSA"
"2017-01-22 13:33:09","113","33R","D","WSA"
"2017-01-22 13:33:18","113","33R","A","WSA"
"2017-01-22 13:33:18","113","15L","D","WSA"
"2017-01-22 13:33:18","113","33L","A","WSA"
"2017-01-22 13:33:18","113","15R","D","WSA"
"2017-01-22 13:33:18","113","15R","A","WSA"
"2017-01-22 13:33:18","113","33L","D","WSA"
"2017-01-22 13:33:18","113","15L","A","WSA"
"2017-01-22 13:33:18","113","33R","D","WSA"
"2017-01-22 13:33:28","113","33R","A","WSA"
"2017-01-22 13:33:28","113","15L","D","WSA"
"2017-01-22 13:33:28","113","33L","A","WSA"
"2017-01-22 13:33:28","113","15R","D","WSA"
"2017-01-22 13:33:28","113","15R","A","WSA"
"2017-01-22 13:33:28","113","33L","D","WSA"
"2017-01-22 13:33:28","113","15L","A","WSA"
"2017-01-22 13:33:28","113","33R","D","WSA"
"2017-01-23 02:26:59","113","33R","A","WSA"
"2017-01-23 02:26:59","113","15L","D","WSA"
"2017-01-23 02:26:59","113","33L","A","WSA"
"2017-01-23 02:26:59","113","15R","D","WSA"
"2017-01-23 02:26:59","113","15R","A","WSA"
"2017-01-23 02:26:59","113","33L","D","WSA"
"2017-01-23 02:26:59","113","15L","A","WSA"
"2017-01-23 02:26:59","113","33R","D","WSA"
"2017-01-26 20:21:59","113","16-","A","MBA"
"2017-01-26 20:21:59","113","34-","D","MBA"
"2017-01-26 20:21:59","113","34-","A","MBA"
"2017-01-26 20:21:59","113","16-","D","MBA"
"2017-01-26 21:50:29","113","16-","A","WSA"
"2017-01-26 21:50:29","113","34-","D","WSA"
"2017-01-26 21:50:29","113","34-","A","WSA"
"2017-01-26 21:50:29","113","16-","D","WSA"
"2017-01-26 21:50:39","113","16-","A","WSA"
"2017-01-26 21:50:39","113","34-","D","WSA"
"2017-01-26 21:50:39","113","34-","A","WSA"
"2017-01-26 21:50:39","113","16-","D","WSA"
"2017-01-26 21:50:49","113","16-","A","WSA"
"2017-01-26 21:50:49","113","34-","D","WSA"
"2017-01-26 21:50:49","113","34-","A","WSA"
"2017-01-26 21:50:49","113","16-","D","WSA"
"2017-01-26 21:50:59","113","16-","A","WSA"
"2017-01-26 21:50:59","113","34-","D","WSA"
"2017-01-26 21:50:59","113","34-","A","WSA"
"2017-01-26 21:50:59","113","16-","D","WSA"
"2017-01-26 23:26:49","113","16-","A","MBA"
"2017-01-26 23:26:49","113","34-","D","MBA"
"2017-01-26 23:26:49","113","34-","A","MBA"
"2017-01-26 23:26:49","113","16-","D","MBA"
"2017-01-26 23:26:59","113","16-","A","MBA"
"2017-01-26 23:26:59","113","34-","D","MBA"
"2017-01-26 23:26:59","113","34-","A","MBA"
"2017-01-26 23:26:59","113","16-","D","MBA"
"2017-01-26 23:28:19","113","16-","A","MBA"
"2017-01-26 23:28:19","113","34-","D","MBA"
"2017-01-26 23:28:19","113","34-","A","MBA"
"2017-01-26 23:28:19","113","16-","D","MBA"
"2017-01-26 23:36:09","113","34-","A","WSA"
"2017-01-26 23:36:09","113","16-","D","WSA"
"2017-01-26 23:36:19","113","34-","A","WSA"
"2017-01-26 23:36:19","113","16-","D","WSA"
"2017-01-26 23:36:39","113","34-","A","WSA"
"2017-01-26 23:36:39","113","16-","D","WSA"
"2017-01-26 23:46:49","113","16-","A","MBA"
"2017-01-26 23:46:49","113","34-","D","MBA"
"2017-01-26 23:46:49","113","34-","A","MBA"
"2017-01-26 23:46:49","113","16-","D","MBA"
"2017-01-26 23:46:59","113","16-","A","MBA"
"2017-01-26 23:46:59","113","34-","D","MBA"
"2017-01-26 23:46:59","113","34-","A","MBA"
"2017-01-26 23:46:59","113","16-","D","MBA"
"2017-01-26 23:47:09","113","16-","A","MBA"
"2017-01-26 23:47:09","113","34-","D","MBA"
"2017-01-26 23:47:09","113","34-","A","MBA"
"2017-01-26 23:47:09","113","16-","D","MBA"
"2017-01-26 23:47:19","113","16-","A","MBA"
"2017-01-26 23:47:19","113","34-","D","MBA"
"2017-01-26 23:47:19","113","34-","A","MBA"
"2017-01-26 23:47:19","113","16-","D","MBA"
"2017-01-26 23:50:19","113","15R","A","WSA"
"2017-01-26 23:50:19","113","33L","D","WSA"
"2017-01-26 23:50:19","113","15L","A","WSA"
"2017-01-26 23:50:19","113","33R","D","WSA"
"2017-01-26 23:50:19","113","16-","A","WSA"
"2017-01-26 23:50:19","113","34-","D","WSA"
"2017-01-26 23:50:29","113","16-","A","MBA"
"2017-01-26 23:50:29","113","34-","D","MBA"
"2017-01-26 23:50:29","113","34-","A","MBA"
"2017-01-26 23:50:29","113","16-","D","MBA"
"2017-01-26 23:50:29","113","15R","A","WSA"
"2017-01-26 23:50:29","113","33L","D","WSA"
"2017-01-26 23:50:29","113","15L","A","WSA"
"2017-01-26 23:50:29","113","33R","D","WSA"
"2017-01-26 23:50:39","113","16-","A","MBA"
"2017-01-26 23:50:39","113","34-","D","MBA"
"2017-01-26 23:50:39","113","34-","A","MBA"
"2017-01-26 23:50:39","113","16-","D","MBA"
"2017-01-26 23:50:39","113","15R","A","WSA"
"2017-01-26 23:50:39","113","33L","D","WSA"
"2017-01-26 23:50:39","113","15L","A","WSA"
"2017-01-26 23:50:39","113","33R","D","WSA"
"2017-01-26 23:50:49","113","16-","A","MBA"
"2017-01-26 23:50:49","113","34-","D","MBA"
"2017-01-26 23:50:49","113","34-","A","MBA"
"2017-01-26 23:50:49","113","16-","D","MBA"
"2017-01-26 23:50:49","113","15R","A","WSA"
"2017-01-26 23:50:49","113","33L","D","WSA"
"2017-01-26 23:50:49","113","15L","A","WSA"
"2017-01-26 23:50:49","113","33R","D","WSA"
"2017-01-26 23:50:59","113","16-","A","MBA"
"2017-01-26 23:50:59","113","34-","D","MBA"
"2017-01-26 23:50:59","113","34-","A","MBA"
"2017-01-26 23:50:59","113","16-","D","MBA"
"2017-01-26 23:50:59","113","15R","A","WSA"
"2017-01-26 23:50:59","113","33L","D","WSA"
"2017-01-26 23:50:59","113","15L","A","WSA"
"2017-01-26 23:50:59","113","33R","D","WSA"
"2017-01-26 23:51:09","113","15R","A","WSA"
"2017-01-26 23:51:09","113","33L","D","WSA"
"2017-01-26 23:51:09","113","15L","A","WSA"
"2017-01-26 23:51:09","113","33R","D","WSA"
"2017-01-26 23:51:09","113","16-","A","WSA"
"2017-01-26 23:51:09","113","34-","D","WSA"
"2017-01-26 23:51:19","113","16-","A","WSA"
"2017-01-26 23:51:19","113","34-","D","WSA"
"2017-01-27 00:12:09","113","16-","A","WSA"
"2017-01-27 00:12:09","113","34-","D","WSA"
"2017-01-27 00:12:09","113","34-","A","WSA"
"2017-01-27 00:12:09","113","16-","D","WSA"
"2017-01-27 00:12:19","113","16-","A","WSA"
"2017-01-27 00:12:19","113","34-","D","WSA"
"2017-01-27 00:12:19","113","34-","A","WSA"
"2017-01-27 00:12:19","113","16-","D","WSA"
"2017-01-27 00:12:29","113","16-","A","WSA"
"2017-01-27 00:12:29","113","34-","D","WSA"
"2017-01-27 00:12:29","113","34-","A","WSA"
"2017-01-27 00:12:29","113","16-","D","WSA"
"2017-01-27 00:12:39","113","16-","A","WSA"
"2017-01-27 00:12:39","113","34-","D","WSA"
"2017-01-27 00:12:39","113","34-","A","WSA"
"2017-01-27 00:12:39","113","16-","D","WSA"
"2017-01-27 00:12:49","113","16-","A","WSA"
"2017-01-27 00:12:49","113","34-","D","WSA"
"2017-01-27 00:12:49","113","34-","A","WSA"
"2017-01-27 00:12:49","113","16-","D","WSA"
"2017-01-27 00:12:59","113","16-","A","WSA"
"2017-01-27 00:12:59","113","34-","D","WSA"
"2017-01-27 00:12:59","113","34-","A","WSA"
"2017-01-27 00:12:59","113","16-","D","WSA"
"2017-01-27 00:13:09","113","16-","A","WSA"
"2017-01-27 00:13:09","113","34-","D","WSA"
"2017-01-27 00:13:09","113","34-","A","WSA"
"2017-01-27 00:13:09","113","16-","D","WSA"
"2017-01-27 00:13:19","113","16-","A","WSA"
"2017-01-27 00:13:19","113","34-","D","WSA"
"2017-01-27 00:13:19","113","34-","A","WSA"
"2017-01-27 00:13:19","113","16-","D","WSA"
"2017-01-27 00:13:29","113","34-","A","WSA"
"2017-01-27 00:13:29","113","16-","D","WSA"
"2017-01-27 00:13:39","113","16-","A","WSA"
"2017-01-27 00:13:39","113","34-","D","WSA"
"2017-01-27 00:18:39","113","16-","A","WSA"
"2017-01-27 00:18:39","113","34-","D","WSA"
"2017-01-27 00:18:39","113","34-","A","WSA"
"2017-01-27 00:18:39","113","16-","D","WSA"
"2017-01-27 00:18:49","113","16-","A","WSA"
"2017-01-27 00:18:49","113","34-","D","WSA"
"2017-01-27 00:18:49","113","34-","A","WSA"
"2017-01-27 00:18:49","113","16-","D","WSA"
"2017-01-27 00:18:59","113","16-","A","WSA"
"2017-01-27 00:18:59","113","34-","D","WSA"
"2017-01-27 00:18:59","113","34-","A","WSA"
"2017-01-27 00:18:59","113","16-","D","WSA"
"2017-01-27 00:19:09","113","16-","A","WSA"
"2017-01-27 00:19:09","113","34-","D","WSA"
"2017-01-27 00:19:09","113","34-","A","WSA"
"2017-01-27 00:19:09","113","16-","D","WSA"
"2017-01-27 00:19:19","113","16-","A","WSA"
"2017-01-27 00:19:19","113","34-","D","WSA"
"2017-01-27 00:19:19","113","34-","A","WSA"
"2017-01-27 00:19:19","113","16-","D","WSA"
"2017-01-27 00:19:29","113","33R","A","WSA"
"2017-01-27 00:19:29","113","15L","D","WSA"
"2017-01-27 00:19:29","113","33L","A","WSA"
"2017-01-27 00:19:29","113","15R","D","WSA"
"2017-01-27 00:19:29","113","15R","A","WSA"
"2017-01-27 00:19:29","113","33L","D","WSA"
"2017-01-27 00:19:29","113","15L","A","WSA"
"2017-01-27 00:19:29","113","33R","D","WSA"
"2017-01-27 00:19:29","113","16-","A","WSA"
"2017-01-27 00:19:29","113","34-","D","WSA"
"2017-01-27 00:19:29","113","34-","A","WSA"
"2017-01-27 00:19:29","113","16-","D","WSA"
"2017-01-27 00:19:39","113","33R","A","WSA"
"2017-01-27 00:19:39","113","15L","D","WSA"
"2017-01-27 00:19:39","113","33L","A","WSA"
"2017-01-27 00:19:39","113","15R","D","WSA"
"2017-01-27 00:19:39","113","15R","A","WSA"
"2017-01-27 00:19:39","113","33L","D","WSA"
"2017-01-27 00:19:39","113","15L","A","WSA"
"2017-01-27 00:19:39","113","33R","D","WSA"
"2017-01-27 00:19:39","113","16-","A","WSA"
"2017-01-27 00:19:39","113","34-","D","WSA"
"2017-01-27 00:19:39","113","34-","A","WSA"
"2017-01-27 00:19:39","113","16-","D","WSA"
"2017-01-27 00:19:49","113","33R","A","WSA"
"2017-01-27 00:19:49","113","15L","D","WSA"
"2017-01-27 00:19:49","113","33L","A","WSA"
"2017-01-27 00:19:49","113","15R","D","WSA"
"2017-01-27 00:19:49","113","15R","A","WSA"
"2017-01-27 00:19:49","113","33L","D","WSA"
"2017-01-27 00:19:49","113","15L","A","WSA"
"2017-01-27 00:19:49","113","33R","D","WSA"
"2017-01-27 00:19:49","113","16-","A","WSA"
"2017-01-27 00:19:49","113","34-","D","WSA"
"2017-01-27 00:19:49","113","34-","A","WSA"
"2017-01-27 00:19:49","113","16-","D","WSA"
"2017-01-27 00:19:59","113","15L","A","WSA"
"2017-01-27 00:19:59","113","33R","D","WSA"
"2017-01-27 00:19:59","113","16-","A","WSA"
"2017-01-27 00:19:59","113","34-","D","WSA"
"2017-01-27 00:19:59","113","34-","A","WSA"
"2017-01-27 00:19:59","113","16-","D","WSA"
"2017-01-27 00:19:59","113","33R","A","WSA"
"2017-01-27 00:19:59","113","15L","D","WSA"
"2017-01-27 00:19:59","113","33L","A","WSA"
"2017-01-27 00:19:59","113","15R","D","WSA"
"2017-01-27 00:19:59","113","15R","A","WSA"
"2017-01-27 00:19:59","113","33L","D","WSA"
"2017-01-27 00:20:10","113","33R","A","WSA"
"2017-01-27 00:20:10","113","15L","D","WSA"
"2017-01-27 00:20:10","113","33L","A","WSA"
"2017-01-27 00:20:10","113","15R","D","WSA"
"2017-01-27 00:20:10","113","15R","A","WSA"
"2017-01-27 00:20:10","113","33L","D","WSA"
"2017-01-27 00:20:10","113","15L","A","WSA"
"2017-01-27 00:20:10","113","33R","D","WSA"
"2017-01-27 00:20:10","113","16-","A","WSA"
"2017-01-27 00:20:10","113","34-","D","WSA"
"2017-01-27 00:20:10","113","34-","A","WSA"
"2017-01-27 00:20:10","113","16-","D","WSA"
"2017-01-27 00:20:19","113","33R","A","WSA"
"2017-01-27 00:20:19","113","15L","D","WSA"
"2017-01-27 00:20:19","113","33L","A","WSA"
"2017-01-27 00:20:19","113","15R","D","WSA"
"2017-01-27 00:20:19","113","15R","A","WSA"
"2017-01-27 00:20:19","113","33L","D","WSA"
"2017-01-27 00:20:19","113","15L","A","WSA"
"2017-01-27 00:20:19","113","33R","D","WSA"
"2017-01-27 00:20:19","113","16-","A","WSA"
"2017-01-27 00:20:19","113","34-","D","WSA"
"2017-01-27 00:20:19","113","34-","A","WSA"
"2017-01-27 00:20:19","113","16-","D","WSA"
"2017-01-27 00:20:29","113","33R","A","WSA"
"2017-01-27 00:20:29","113","15L","D","WSA"
"2017-01-27 00:20:29","113","33L","A","WSA"
"2017-01-27 00:20:29","113","15R","D","WSA"
"2017-01-27 00:20:29","113","15R","A","WSA"
"2017-01-27 00:20:29","113","33L","D","WSA"
"2017-01-27 00:20:29","113","15L","A","WSA"
"2017-01-27 00:20:29","113","33R","D","WSA"
"2017-01-27 00:20:29","113","16-","A","WSA"
"2017-01-27 00:20:29","113","34-","D","WSA"
"2017-01-27 00:20:29","113","34-","A","WSA"
"2017-01-27 00:20:29","113","16-","D","WSA"
"2017-01-27 00:20:39","113","33R","A","WSA"
"2017-01-27 00:20:39","113","15L","D","WSA"
"2017-01-27 00:20:39","113","33L","A","WSA"
"2017-01-27 00:20:39","113","15R","D","WSA"
"2017-01-27 00:20:39","113","15R","A","WSA"
"2017-01-27 00:20:39","113","33L","D","WSA"
"2017-01-27 00:20:39","113","15L","A","WSA"
"2017-01-27 00:20:39","113","33R","D","WSA"
"2017-01-27 00:20:39","113","16-","A","WSA"
"2017-01-27 00:20:39","113","34-","D","WSA"
"2017-01-27 00:20:39","113","34-","A","WSA"
"2017-01-27 00:20:39","113","16-","D","WSA"
"2017-01-27 00:20:49","113","16-","A","WSA"
"2017-01-27 00:20:49","113","34-","D","WSA"
"2017-01-27 00:20:49","113","34-","A","WSA"
"2017-01-27 00:20:49","113","16-","D","WSA"
"2017-01-27 00:20:59","113","16-","A","WSA"
"2017-01-27 00:20:59","113","34-","D","WSA"
"2017-01-27 00:20:59","113","34-","A","WSA"
"2017-01-27 00:20:59","113","16-","D","WSA"
"2017-01-27 00:21:09","113","16-","A","WSA"
"2017-01-27 00:21:09","113","34-","D","WSA"
"2017-01-27 00:21:09","113","34-","A","WSA"
"2017-01-27 00:21:09","113","16-","D","WSA"
"2017-01-27 00:21:19","113","33R","A","WSA"
"2017-01-27 00:21:19","113","15L","D","WSA"
"2017-01-27 00:21:19","113","33L","A","WSA"
"2017-01-27 00:21:19","113","15R","D","WSA"
"2017-01-27 00:21:19","113","16-","A","WSA"
"2017-01-27 00:21:19","113","34-","D","WSA"
"2017-01-27 00:21:19","113","34-","A","WSA"
"2017-01-27 00:21:19","113","16-","D","WSA"
"2017-01-27 00:21:29","113","33R","A","WSA"
"2017-01-27 00:21:29","113","15L","D","WSA"
"2017-01-27 00:21:29","113","33L","A","WSA"
"2017-01-27 00:21:29","113","15R","D","WSA"
"2017-01-27 00:21:29","113","16-","A","WSA"
"2017-01-27 00:21:29","113","34-","D","WSA"
"2017-01-27 00:21:29","113","34-","A","WSA"
"2017-01-27 00:21:29","113","16-","D","WSA"
"2017-01-27 00:21:39","113","33R","A","WSA"
"2017-01-27 00:21:39","113","15L","D","WSA"
"2017-01-27 00:21:39","113","33L","A","WSA"
"2017-01-27 00:21:39","113","15R","D","WSA"
"2017-01-27 00:21:39","113","16-","A","WSA"
"2017-01-27 00:21:39","113","34-","D","WSA"
"2017-01-27 00:21:39","113","34-","A","WSA"
"2017-01-27 00:21:39","113","16-","D","WSA"
"2017-01-27 00:21:49","113","16-","A","WSA"
"2017-01-27 00:21:49","113","34-","D","WSA"
"2017-01-27 00:21:49","113","34-","A","WSA"
"2017-01-27 00:21:49","113","16-","D","WSA"
"2017-01-27 00:21:59","113","16-","A","WSA"
"2017-01-27 00:21:59","113","34-","D","WSA"
"2017-01-27 00:21:59","113","34-","A","WSA"
"2017-01-27 00:21:59","113","16-","D","WSA"
"2017-01-27 00:22:19","113","33R","A","WSA"
"2017-01-27 00:22:19","113","15L","D","WSA"
"2017-01-27 00:22:19","113","33L","A","WSA"
"2017-01-27 00:22:19","113","15R","D","WSA"
"2017-01-27 00:22:29","113","33R","A","WSA"
"2017-01-27 00:22:29","113","15L","D","WSA"
"2017-01-27 00:22:29","113","33L","A","WSA"
"2017-01-27 00:22:29","113","15R","D","WSA"
"2017-01-27 00:22:39","113","33R","A","WSA"
"2017-01-27 00:22:39","113","15L","D","WSA"
"2017-01-27 00:22:39","113","33L","A","WSA"
"2017-01-27 00:22:39","113","15R","D","WSA"
"2017-01-27 00:22:49","113","33R","A","WSA"
"2017-01-27 00:22:49","113","15L","D","WSA"
"2017-01-27 00:22:49","113","33L","A","WSA"
"2017-01-27 00:22:49","113","15R","D","WSA"
"2017-01-27 00:30:49","113","33R","A","WSA"
"2017-01-27 00:30:49","113","15L","D","WSA"
"2017-01-27 00:30:49","113","33L","A","WSA"
"2017-01-27 00:30:49","113","15R","D","WSA"
"2017-01-27 00:30:59","113","33R","A","WSA"
"2017-01-27 00:30:59","113","15L","D","WSA"
"2017-01-27 00:30:59","113","33L","A","WSA"
"2017-01-27 00:30:59","113","15R","D","WSA"
"2017-01-27 00:31:19","113","33R","A","WSA"
"2017-01-27 00:31:19","113","15L","D","WSA"
"2017-01-27 00:31:19","113","33L","A","WSA"
"2017-01-27 00:31:19","113","15R","D","WSA"
"2017-01-27 01:21:39","113","16-","A","WSA"
"2017-01-27 01:21:39","113","34-","D","WSA"
"2017-01-27 01:21:49","113","16-","A","WSA"
"2017-01-27 01:21:49","113","34-","D","WSA"
"2017-01-27 01:21:59","113","16-","A","WSA"
"2017-01-27 01:21:59","113","34-","D","WSA"
"2017-01-27 01:29:39","113","33R","A","MBA"
"2017-01-27 01:29:39","113","15L","D","MBA"
"2017-01-27 01:29:39","113","33L","A","MBA"
"2017-01-27 01:29:39","113","15R","D","MBA"
"2017-01-27 01:29:49","113","33R","A","MBA"
"2017-01-27 01:29:49","113","15L","D","MBA"
"2017-01-27 01:29:49","113","33L","A","MBA"
"2017-01-27 01:29:49","113","15R","D","MBA"
"2017-01-27 01:29:59","113","33R","A","MBA"
"2017-01-27 01:29:59","113","15L","D","MBA"
"2017-01-27 01:29:59","113","33L","A","MBA"
"2017-01-27 01:29:59","113","15R","D","MBA"
"2017-01-27 02:22:19","113","16-","A","WSA"
"2017-01-27 02:22:19","113","34-","D","WSA"
"2017-01-27 02:22:19","113","34-","A","WSA"
"2017-01-27 02:22:19","113","16-","D","WSA"
"2017-01-27 02:22:29","113","16-","A","WSA"
"2017-01-27 02:22:29","113","34-","D","WSA"
"2017-01-27 02:22:29","113","34-","A","WSA"
"2017-01-27 02:22:29","113","16-","D","WSA"
"2017-01-27 02:22:49","113","16-","A","WSA"
"2017-01-27 02:22:49","113","34-","D","WSA"
"2017-01-27 02:22:59","113","16-","A","WSA"
"2017-01-27 02:22:59","113","34-","D","WSA"
"2017-01-27 02:31:39","113","16-","A","WSA"
"2017-01-27 02:31:39","113","34-","D","WSA"
"2017-01-27 02:31:39","113","34-","A","WSA"
"2017-01-27 02:31:39","113","16-","D","WSA"
"2017-01-27 02:31:49","113","16-","A","WSA"
"2017-01-27 02:31:49","113","34-","D","WSA"
"2017-01-27 02:31:49","113","34-","A","WSA"
"2017-01-27 02:31:49","113","16-","D","WSA"
"2017-01-27 02:31:59","113","16-","A","WSA"
"2017-01-27 02:31:59","113","34-","D","WSA"
"2017-01-27 02:31:59","113","34-","A","WSA"
"2017-01-27 02:31:59","113","16-","D","WSA"
"2017-01-27 02:32:09","113","16-","A","WSA"
"2017-01-27 02:32:09","113","34-","D","WSA"
"2017-01-27 02:32:09","113","34-","A","WSA"
"2017-01-27 02:32:09","113","16-","D","WSA"
"2017-01-27 02:32:19","113","16-","A","WSA"
"2017-01-27 02:32:19","113","34-","D","WSA"
"2017-01-27 02:32:19","113","34-","A","WSA"
"2017-01-27 02:32:19","113","16-","D","WSA"
"2017-01-27 02:36:39","113","16-","A","WSA"
"2017-01-27 02:36:39","113","34-","D","WSA"
"2017-01-27 02:36:39","113","34-","A","WSA"
"2017-01-27 02:36:39","113","16-","D","WSA"
"2017-01-27 02:36:49","113","16-","A","WSA"
"2017-01-27 02:36:49","113","34-","D","WSA"
"2017-01-27 02:36:49","113","34-","A","WSA"
"2017-01-27 02:36:49","113","16-","D","WSA"
"2017-01-27 02:57:19","113","16-","A","WSA"
"2017-01-27 02:57:19","113","34-","D","WSA"
"2017-01-27 02:57:19","113","34-","A","WSA"
"2017-01-27 02:57:19","113","16-","D","WSA"
"2017-01-27 02:57:29","113","16-","A","WSA"
"2017-01-27 02:57:29","113","34-","D","WSA"
"2017-01-27 02:57:29","113","34-","A","WSA"
"2017-01-27 02:57:29","113","16-","D","WSA"
"2017-01-27 02:57:39","113","16-","A","WSA"
"2017-01-27 02:57:39","113","34-","D","WSA"
"2017-01-27 02:57:39","113","34-","A","WSA"
"2017-01-27 02:57:39","113","16-","D","WSA"
"2017-01-27 02:57:49","113","16-","A","WSA"
"2017-01-27 02:57:49","113","34-","D","WSA"
"2017-01-27 02:57:49","113","34-","A","WSA"
"2017-01-27 02:57:49","113","16-","D","WSA"
"2017-01-27 02:57:59","113","16-","A","WSA"
"2017-01-27 02:57:59","113","34-","D","WSA"
"2017-01-27 02:57:59","113","34-","A","WSA"
"2017-01-27 02:57:59","113","16-","D","WSA"
"2017-01-27 02:58:09","113","16-","A","WSA"
"2017-01-27 02:58:09","113","34-","D","WSA"
"2017-01-27 02:58:09","113","34-","A","WSA"
"2017-01-27 02:58:09","113","16-","D","WSA"
"2017-01-27 02:58:19","113","16-","A","WSA"
"2017-01-27 02:58:19","113","34-","D","WSA"
"2017-01-27 02:58:19","113","34-","A","WSA"
"2017-01-27 02:58:19","113","16-","D","WSA"
"2017-01-27 02:58:29","113","16-","A","WSA"
"2017-01-27 02:58:29","113","34-","D","WSA"
"2017-01-27 02:58:29","113","34-","A","WSA"
"2017-01-27 02:58:29","113","16-","D","WSA"
"2017-01-27 03:00:59","113","16-","A","WSA"
"2017-01-27 03:00:59","113","34-","D","WSA"
"2017-01-27 03:00:59","113","34-","A","WSA"
"2017-01-27 03:00:59","113","16-","D","WSA"
"2017-01-27 03:01:09","113","16-","A","WSA"
"2017-01-27 03:01:09","113","34-","D","WSA"
"2017-01-27 03:01:09","113","34-","A","WSA"
"2017-01-27 03:01:09","113","16-","D","WSA"
"2017-01-27 03:01:19","113","16-","A","WSA"
"2017-01-27 03:01:19","113","34-","D","WSA"
"2017-01-27 03:01:19","113","34-","A","WSA"
"2017-01-27 03:01:19","113","16-","D","WSA"
"2017-01-27 03:01:29","113","16-","A","WSA"
"2017-01-27 03:01:29","113","34-","D","WSA"
"2017-01-27 03:01:29","113","34-","A","WSA"
"2017-01-27 03:01:29","113","16-","D","WSA"
"2017-01-27 03:01:39","113","16-","A","WSA"
"2017-01-27 03:01:39","113","34-","D","WSA"
"2017-01-27 03:01:39","113","34-","A","WSA"
"2017-01-27 03:01:39","113","16-","D","WSA"
"2017-01-27 03:29:49","113","33R","A","WSA"
"2017-01-27 03:29:49","113","15L","D","WSA"
"2017-01-27 03:29:49","113","33L","A","WSA"
"2017-01-27 03:29:49","113","15R","D","WSA"
"2017-01-27 03:29:49","113","15R","A","WSA"
"2017-01-27 03:29:49","113","33L","D","WSA"
"2017-01-27 03:29:49","113","15L","A","WSA"
"2017-01-27 03:29:49","113","33R","D","WSA"
"2017-01-27 04:48:59","113","15R","A","WSA"
"2017-01-27 04:48:59","113","33L","D","WSA"
"2017-01-27 04:48:59","113","15L","A","WSA"
"2017-01-27 04:48:59","113","33R","D","WSA"
"2017-01-27 04:48:59","113","16-","A","WSA"
"2017-01-27 04:48:59","113","34-","D","WSA"
"2017-01-27 04:49:09","113","15R","A","WSA"
"2017-01-27 04:49:09","113","33L","D","WSA"
"2017-01-27 04:49:09","113","15L","A","WSA"
"2017-01-27 04:49:09","113","33R","D","WSA"
"2017-01-27 04:49:09","113","16-","A","WSA"
"2017-01-27 04:49:09","113","34-","D","WSA"
"2017-01-27 04:49:29","113","16-","A","WSA"
"2017-01-27 04:49:29","113","34-","D","WSA"
"2017-01-27 04:59:39","113","33R","A","WSA"
"2017-01-27 04:59:39","113","15L","D","WSA"
"2017-01-27 04:59:39","113","33L","A","WSA"
"2017-01-27 04:59:39","113","15R","D","WSA"
"2017-01-27 04:59:39","113","15R","A","WSA"
"2017-01-27 04:59:39","113","33L","D","WSA"
"2017-01-27 04:59:39","113","15L","A","WSA"
"2017-01-27 04:59:39","113","33R","D","WSA"
"2017-01-27 04:59:49","113","33R","A","WSA"
"2017-01-27 04:59:49","113","15L","D","WSA"
"2017-01-27 04:59:49","113","33L","A","WSA"
"2017-01-27 04:59:49","113","15R","D","WSA"
"2017-01-27 04:59:49","113","15R","A","WSA"
"2017-01-27 04:59:49","113","33L","D","WSA"
"2017-01-27 04:59:49","113","15L","A","WSA"
"2017-01-27 04:59:49","113","33R","D","WSA"
"2017-01-27 06:08:09","113","15R","A","WSA"
"2017-01-27 06:08:09","113","33L","D","WSA"
"2017-01-27 06:08:09","113","15L","A","WSA"
"2017-01-27 06:08:09","113","33R","D","WSA"
"2017-01-27 06:08:09","113","16-","A","WSA"
"2017-01-27 06:08:09","113","34-","D","WSA"
"2017-01-27 06:08:19","113","16-","A","WSA"
"2017-01-27 06:08:19","113","34-","D","WSA"
"2017-01-27 06:16:19","113","16-","A","WSA"
"2017-01-27 06:16:19","113","34-","D","WSA"
"2017-01-27 06:16:19","113","34-","A","WSA"
"2017-01-27 06:16:19","113","16-","D","WSA"
"2017-01-30 02:23:59","113","16-","A","WSA"
"2017-01-30 02:23:59","113","34-","D","WSA"
"2017-01-30 02:23:59","113","34-","A","WSA"
"2017-01-30 02:23:59","113","16-","D","WSA"
"2017-01-30 02:24:09","113","16-","A","WSA"
"2017-01-30 02:24:09","113","34-","D","WSA"
"2017-01-30 02:24:09","113","34-","A","WSA"
"2017-01-30 02:24:09","113","16-","D","WSA"
"2017-01-30 03:44:29","113","16-","A","WSA"
"2017-01-30 03:44:29","113","34-","D","WSA"
"2017-01-30 03:44:29","113","34-","A","WSA"
"2017-01-30 03:44:29","113","16-","D","WSA"
"2017-01-30 03:44:39","113","16-","A","WSA"
"2017-01-30 03:44:39","113","34-","D","WSA"
"2017-01-30 03:44:39","113","34-","A","WSA"
"2017-01-30 03:44:39","113","16-","D","WSA"
"2017-01-30 03:44:49","113","16-","A","WSA"
"2017-01-30 03:44:49","113","34-","D","WSA"
"2017-01-30 03:44:49","113","34-","A","WSA"
"2017-01-30 03:44:49","113","16-","D","WSA"
"2017-01-30 03:44:59","113","16-","A","WSA"
"2017-01-30 03:44:59","113","34-","D","WSA"
"2017-01-30 03:44:59","113","34-","A","WSA"
"2017-01-30 03:44:59","113","16-","D","WSA"
"2017-01-30 03:45:09","113","16-","A","WSA"
"2017-01-30 03:45:09","113","34-","D","WSA"
"2017-01-30 03:45:09","113","34-","A","WSA"
"2017-01-30 03:45:09","113","16-","D","WSA"
"2017-01-30 03:45:19","113","16-","A","WSA"
"2017-01-30 03:45:19","113","34-","D","WSA"
"2017-01-30 03:45:19","113","34-","A","WSA"
"2017-01-30 03:45:19","113","16-","D","WSA"
"2017-01-30 03:45:29","113","16-","A","WSA"
"2017-01-30 03:45:29","113","34-","D","WSA"
"2017-01-30 03:45:29","113","34-","A","WSA"
"2017-01-30 03:45:29","113","16-","D","WSA"
"2017-01-30 03:45:39","113","16-","A","WSA"
"2017-01-30 03:45:39","113","34-","D","WSA"
"2017-01-30 03:45:39","113","34-","A","WSA"
"2017-01-30 03:45:39","113","16-","D","WSA"
"2017-01-30 03:45:49","113","16-","A","WSA"
"2017-01-30 03:45:49","113","34-","D","WSA"
"2017-01-30 03:45:49","113","34-","A","WSA"
"2017-01-30 03:45:49","113","16-","D","WSA"
"2017-01-30 04:24:19","113","16-","A","WSA"
"2017-01-30 04:24:19","113","34-","D","WSA"
"2017-01-30 04:24:19","113","34-","A","WSA"
"2017-01-30 04:24:19","113","16-","D","WSA"
"2017-01-30 04:24:29","113","16-","A","WSA"
"2017-01-30 04:24:29","113","34-","D","WSA"
"2017-01-30 04:24:29","113","34-","A","WSA"
"2017-01-30 04:24:29","113","16-","D","WSA"
"2017-01-30 04:24:39","113","16-","A","WSA"
"2017-01-30 04:24:39","113","34-","D","WSA"
"2017-01-30 04:24:39","113","34-","A","WSA"
"2017-01-30 04:24:39","113","16-","D","WSA"
"2017-01-30 04:24:49","113","16-","A","WSA"
"2017-01-30 04:24:49","113","34-","D","WSA"
"2017-01-30 04:24:49","113","34-","A","WSA"
"2017-01-30 04:24:49","113","16-","D","WSA"
"2017-01-30 04:24:59","113","16-","A","WSA"
"2017-01-30 04:24:59","113","34-","D","WSA"
"2017-01-30 04:24:59","113","34-","A","WSA"
"2017-01-30 04:24:59","113","16-","D","WSA"
"2017-01-30 04:25:09","113","16-","A","WSA"
"2017-01-30 04:25:09","113","34-","D","WSA"
"2017-01-30 04:25:09","113","34-","A","WSA"
"2017-01-30 04:25:09","113","16-","D","WSA"
"2017-01-30 07:08:49","113","16-","A","WSA"
"2017-01-30 07:08:49","113","34-","D","WSA"
"2017-01-30 07:08:49","113","34-","A","WSA"
"2017-01-30 07:08:49","113","16-","D","WSA"
"2017-01-30 09:34:59","113","16-","A","WSA"
"2017-01-30 09:34:59","113","34-","D","WSA"
"2017-01-30 09:34:59","113","34-","A","WSA"
"2017-01-30 09:34:59","113","16-","D","WSA"
"2017-01-30 09:43:19","113","16-","A","WSA"
"2017-01-30 09:43:19","113","34-","D","WSA"
"2017-01-30 09:43:19","113","34-","A","WSA"
"2017-01-30 09:43:19","113","16-","D","WSA"
"2017-01-30 09:43:29","113","16-","A","WSA"
"2017-01-30 09:43:29","113","34-","D","WSA"
"2017-01-30 09:43:29","113","34-","A","WSA"
"2017-01-30 09:43:29","113","16-","D","WSA"
"2017-01-30 09:43:39","113","16-","A","WSA"
"2017-01-30 09:43:39","113","34-","D","WSA"
"2017-01-30 09:43:39","113","34-","A","WSA"
"2017-01-30 09:43:39","113","16-","D","WSA"
"2017-01-30 09:43:49","113","16-","A","WSA"
"2017-01-30 09:43:49","113","34-","D","WSA"
"2017-01-30 09:43:49","113","34-","A","WSA"
"2017-01-30 09:43:49","113","16-","D","WSA"
